timestamp;buyer;seller;symbol;currency;price;quantity
800;;;COCONUT_COUPON;SEASHELLS;636.0;5
900;;;COCONUT_COUPON;SEASHELLS;634.0;17
1100;;;COCONUT_COUPON;SEASHELLS;635.0;17
1900;;;COCONUT_COUPON;SEASHELLS;635.0;16
2000;;;COCONUT_COUPON;SEASHELLS;637.0;14
3000;;;COCONUT_COUPON;SEASHELLS;631.0;6
3900;;;COCONUT_COUPON;SEASHELLS;635.0;2
3900;;;COCONUT_COUPON;SEASHELLS;635.0;10
4200;;;COCONUT_COUPON;SEASHELLS;635.0;20
4300;;;COCONUT_COUPON;SEASHELLS;635.0;2
4300;;;COCONUT_COUPON;SEASHELLS;635.0;16
4900;;;COCONUT_COUPON;SEASHELLS;636.0;12
5200;;;COCONUT;SEASHELLS;9997.0;8
6500;;;COCONUT_COUPON;SEASHELLS;642.0;9
6800;;;COCONUT_COUPON;SEASHELLS;643.0;11
7900;;;COCONUT_COUPON;SEASHELLS;635.0;18
8900;;;COCONUT_COUPON;SEASHELLS;639.0;15
8900;;;COCONUT_COUPON;SEASHELLS;639.0;5
9300;;;COCONUT;SEASHELLS;10005.0;6
10500;;;COCONUT_COUPON;SEASHELLS;635.0;16
10500;;;COCONUT_COUPON;SEASHELLS;635.0;4
10900;;;COCONUT;SEASHELLS;10007.0;10
12500;;;COCONUT;SEASHELLS;10003.0;10
14500;;;COCONUT_COUPON;SEASHELLS;641.0;11
14600;;;COCONUT_COUPON;SEASHELLS;641.0;6
14600;;;COCONUT_COUPON;SEASHELLS;641.0;11
14900;;;COCONUT;SEASHELLS;10004.0;10
15300;;;COCONUT_COUPON;SEASHELLS;641.0;14
15500;;;COCONUT_COUPON;SEASHELLS;639.0;4
15500;;;COCONUT_COUPON;SEASHELLS;639.0;16
16000;;;COCONUT;SEASHELLS;10001.0;8
16200;;;COCONUT;SEASHELLS;10000.0;10
16400;;;COCONUT_COUPON;SEASHELLS;635.0;11
16600;;;COCONUT_COUPON;SEASHELLS;633.0;9
17100;;;COCONUT;SEASHELLS;10000.0;10
18400;;;COCONUT_COUPON;SEASHELLS;638.0;14
20100;;;COCONUT;SEASHELLS;9990.0;10
20100;;;COCONUT;SEASHELLS;9990.0;5
20700;;;COCONUT_COUPON;SEASHELLS;631.0;6
20800;;;COCONUT;SEASHELLS;9993.0;10
22900;;;COCONUT_COUPON;SEASHELLS;627.0;7
23600;;;COCONUT;SEASHELLS;9988.0;7
23800;;;COCONUT;SEASHELLS;9988.0;5
24900;;;COCONUT;SEASHELLS;9990.0;6
25400;;;COCONUT;SEASHELLS;9991.0;10
25700;;;COCONUT;SEASHELLS;9993.0;9
26500;;;COCONUT;SEASHELLS;9996.0;3
26600;;;COCONUT_COUPON;SEASHELLS;625.0;17
26600;;;COCONUT_COUPON;SEASHELLS;625.0;10
26800;;;COCONUT_COUPON;SEASHELLS;623.0;20
29400;;;COCONUT_COUPON;SEASHELLS;624.0;20
30200;;;COCONUT;SEASHELLS;9994.0;7
30500;;;COCONUT;SEASHELLS;9993.0;9
31000;;;COCONUT_COUPON;SEASHELLS;628.0;19
31300;;;COCONUT;SEASHELLS;9993.0;7
31800;;;COCONUT_COUPON;SEASHELLS;637.0;11
32400;;;COCONUT;SEASHELLS;9993.0;5
33000;;;COCONUT;SEASHELLS;9994.0;1
33100;;;COCONUT_COUPON;SEASHELLS;637.0;15
33200;;;COCONUT;SEASHELLS;9994.0;10
34200;;;COCONUT_COUPON;SEASHELLS;630.0;20
35400;;;COCONUT_COUPON;SEASHELLS;635.0;15
36000;;;COCONUT_COUPON;SEASHELLS;634.0;10
36200;;;COCONUT_COUPON;SEASHELLS;634.0;5
36900;;;COCONUT_COUPON;SEASHELLS;634.0;15
37300;;;COCONUT_COUPON;SEASHELLS;632.0;20
38800;;;COCONUT_COUPON;SEASHELLS;638.0;11
39100;;;COCONUT_COUPON;SEASHELLS;637.0;12
39700;;;COCONUT_COUPON;SEASHELLS;643.0;10
40800;;;COCONUT_COUPON;SEASHELLS;636.0;16
41200;;;COCONUT;SEASHELLS;9981.0;9
41500;;;COCONUT_COUPON;SEASHELLS;638.0;16
41600;;;COCONUT;SEASHELLS;9978.0;10
42400;;;COCONUT;SEASHELLS;9979.0;8
42700;;;COCONUT;SEASHELLS;9978.0;5
42900;;;COCONUT;SEASHELLS;9975.0;5
43100;;;COCONUT;SEASHELLS;9974.0;8
43300;;;COCONUT;SEASHELLS;9975.0;9
43500;;;COCONUT_COUPON;SEASHELLS;627.0;12
44000;;;COCONUT_COUPON;SEASHELLS;629.0;5
44600;;;COCONUT_COUPON;SEASHELLS;628.0;19
44600;;;COCONUT_COUPON;SEASHELLS;627.0;13
45700;;;COCONUT_COUPON;SEASHELLS;620.0;20
46300;;;COCONUT;SEASHELLS;9970.0;5
46400;;;COCONUT;SEASHELLS;9969.0;8
46600;;;COCONUT_COUPON;SEASHELLS;616.0;16
47300;;;COCONUT_COUPON;SEASHELLS;615.0;14
47800;;;COCONUT_COUPON;SEASHELLS;614.0;13
47900;;;COCONUT_COUPON;SEASHELLS;614.0;16
48100;;;COCONUT_COUPON;SEASHELLS;615.0;10
48100;;;COCONUT;SEASHELLS;9969.0;8
48600;;;COCONUT;SEASHELLS;9964.0;5
49600;;;COCONUT_COUPON;SEASHELLS;613.0;20
49900;;;COCONUT_COUPON;SEASHELLS;618.0;12
50600;;;COCONUT_COUPON;SEASHELLS;616.0;13
51100;;;COCONUT_COUPON;SEASHELLS;619.0;14
51300;;;COCONUT;SEASHELLS;9969.0;3
52200;;;COCONUT;SEASHELLS;9970.0;8
52500;;;COCONUT_COUPON;SEASHELLS;621.0;2
52800;;;COCONUT;SEASHELLS;9972.0;3
54100;;;COCONUT;SEASHELLS;9975.0;6
54200;;;COCONUT_COUPON;SEASHELLS;622.0;4
54400;;;COCONUT_COUPON;SEASHELLS;622.0;10
54400;;;COCONUT_COUPON;SEASHELLS;621.0;11
55300;;;COCONUT_COUPON;SEASHELLS;625.0;15
55300;;;COCONUT_COUPON;SEASHELLS;625.0;1
55400;;;COCONUT;SEASHELLS;9974.0;3
56100;;;COCONUT_COUPON;SEASHELLS;628.0;11
56200;;;COCONUT;SEASHELLS;9973.0;9
56600;;;COCONUT_COUPON;SEASHELLS;626.0;13
57400;;;COCONUT_COUPON;SEASHELLS;622.0;6
57500;;;COCONUT_COUPON;SEASHELLS;622.0;14
58000;;;COCONUT;SEASHELLS;9966.0;2
58800;;;COCONUT;SEASHELLS;9962.0;5
59000;;;COCONUT_COUPON;SEASHELLS;617.0;17
59300;;;COCONUT;SEASHELLS;9960.0;5
59600;;;COCONUT_COUPON;SEASHELLS;616.0;9
60900;;;COCONUT_COUPON;SEASHELLS;615.0;12
61100;;;COCONUT;SEASHELLS;9956.0;9
61600;;;COCONUT;SEASHELLS;9952.0;3
61900;;;COCONUT_COUPON;SEASHELLS;610.0;14
62600;;;COCONUT_COUPON;SEASHELLS;605.0;18
62900;;;COCONUT_COUPON;SEASHELLS;606.0;15
63000;;;COCONUT_COUPON;SEASHELLS;604.0;11
63200;;;COCONUT_COUPON;SEASHELLS;606.0;17
64100;;;COCONUT;SEASHELLS;9947.0;3
65500;;;COCONUT;SEASHELLS;9943.0;5
65800;;;COCONUT;SEASHELLS;9945.0;7
66500;;;COCONUT_COUPON;SEASHELLS;605.0;18
66900;;;COCONUT;SEASHELLS;9943.0;7
67300;;;COCONUT_COUPON;SEASHELLS;609.0;11
69100;;;COCONUT;SEASHELLS;9954.0;10
69900;;;COCONUT;SEASHELLS;9953.0;8
70300;;;COCONUT;SEASHELLS;9952.0;7
70400;;;COCONUT_COUPON;SEASHELLS;614.0;8
71400;;;COCONUT;SEASHELLS;9955.0;6
71500;;;COCONUT_COUPON;SEASHELLS;615.0;7
71800;;;COCONUT;SEASHELLS;9956.0;8
72000;;;COCONUT_COUPON;SEASHELLS;613.0;17
73100;;;COCONUT;SEASHELLS;9955.0;9
73300;;;COCONUT_COUPON;SEASHELLS;611.0;10
73700;;;COCONUT_COUPON;SEASHELLS;613.0;15
74100;;;COCONUT;SEASHELLS;9960.0;3
74800;;;COCONUT_COUPON;SEASHELLS;614.0;14
74800;;;COCONUT_COUPON;SEASHELLS;613.0;14
75000;;;COCONUT;SEASHELLS;9963.0;7
75500;;;COCONUT_COUPON;SEASHELLS;611.0;16
75500;;;COCONUT_COUPON;SEASHELLS;611.0;2
75600;;;COCONUT_COUPON;SEASHELLS;609.0;9
76400;;;COCONUT_COUPON;SEASHELLS;607.0;16
77200;;;COCONUT;SEASHELLS;9958.0;8
77600;;;COCONUT_COUPON;SEASHELLS;603.0;17
77700;;;COCONUT;SEASHELLS;9954.0;6
77900;;;COCONUT_COUPON;SEASHELLS;602.0;11
78100;;;COCONUT_COUPON;SEASHELLS;601.0;1
78100;;;COCONUT_COUPON;SEASHELLS;601.0;18
78400;;;COCONUT;SEASHELLS;9956.0;5
78500;;;COCONUT_COUPON;SEASHELLS;598.0;13
78800;;;COCONUT_COUPON;SEASHELLS;597.0;6
79300;;;COCONUT;SEASHELLS;9953.0;7
79400;;;COCONUT_COUPON;SEASHELLS;598.0;13
82900;;;COCONUT;SEASHELLS;9961.0;5
83200;;;COCONUT_COUPON;SEASHELLS;605.0;17
83300;;;COCONUT_COUPON;SEASHELLS;607.0;12
85500;;;COCONUT;SEASHELLS;9952.0;9
86500;;;COCONUT;SEASHELLS;9950.0;6
87300;;;COCONUT_COUPON;SEASHELLS;599.0;11
88300;;;COCONUT_COUPON;SEASHELLS;594.0;8
88500;;;COCONUT;SEASHELLS;9949.0;9
88500;;;COCONUT_COUPON;SEASHELLS;593.0;20
88600;;;COCONUT_COUPON;SEASHELLS;594.0;7
89200;;;COCONUT_COUPON;SEASHELLS;589.0;16
89300;;;COCONUT;SEASHELLS;9941.0;5
90300;;;COCONUT;SEASHELLS;9943.0;9
91600;;;COCONUT_COUPON;SEASHELLS;586.0;13
92200;;;COCONUT_COUPON;SEASHELLS;591.0;8
94500;;;COCONUT_COUPON;SEASHELLS;587.0;11
94600;;;COCONUT_COUPON;SEASHELLS;587.0;16
95900;;;COCONUT_COUPON;SEASHELLS;586.0;12
96300;;;COCONUT_COUPON;SEASHELLS;589.0;11
96300;;;COCONUT_COUPON;SEASHELLS;588.0;12
96500;;;COCONUT;SEASHELLS;9951.0;5
96600;;;COCONUT_COUPON;SEASHELLS;593.0;18
97000;;;COCONUT_COUPON;SEASHELLS;592.0;17
97100;;;COCONUT;SEASHELLS;9952.0;7
97300;;;COCONUT;SEASHELLS;9950.0;7
97700;;;COCONUT_COUPON;SEASHELLS;590.0;18
97900;;;COCONUT_COUPON;SEASHELLS;587.0;14
99600;;;COCONUT_COUPON;SEASHELLS;594.0;13
99700;;;COCONUT_COUPON;SEASHELLS;592.0;20
101300;;;COCONUT_COUPON;SEASHELLS;600.0;14
101500;;;COCONUT_COUPON;SEASHELLS;602.0;10
101500;;;COCONUT_COUPON;SEASHELLS;602.0;5
101500;;;COCONUT_COUPON;SEASHELLS;602.0;14
102400;;;COCONUT_COUPON;SEASHELLS;601.0;15
102400;;;COCONUT_COUPON;SEASHELLS;601.0;5
102400;;;COCONUT;SEASHELLS;9958.0;8
102800;;;COCONUT;SEASHELLS;9955.0;6
103200;;;COCONUT;SEASHELLS;9957.0;5
103400;;;COCONUT_COUPON;SEASHELLS;603.0;11
103500;;;COCONUT;SEASHELLS;9956.0;5
103600;;;COCONUT_COUPON;SEASHELLS;601.0;13
105000;;;COCONUT_COUPON;SEASHELLS;612.0;15
106000;;;COCONUT;SEASHELLS;9953.0;9
106100;;;COCONUT;SEASHELLS;9953.0;8
107200;;;COCONUT;SEASHELLS;9951.0;8
107500;;;COCONUT;SEASHELLS;9952.0;6
108500;;;COCONUT_COUPON;SEASHELLS;607.0;11
108500;;;COCONUT;SEASHELLS;9948.0;5
108900;;;COCONUT_COUPON;SEASHELLS;609.0;18
109200;;;COCONUT_COUPON;SEASHELLS;611.0;13
112500;;;COCONUT_COUPON;SEASHELLS;619.0;16
112800;;;COCONUT;SEASHELLS;9966.0;9
113500;;;COCONUT_COUPON;SEASHELLS;619.0;14
113700;;;COCONUT_COUPON;SEASHELLS;617.0;10
114200;;;COCONUT;SEASHELLS;9958.0;9
114800;;;COCONUT_COUPON;SEASHELLS;610.0;13
116700;;;COCONUT_COUPON;SEASHELLS;612.0;14
117000;;;COCONUT;SEASHELLS;9950.0;10
117700;;;COCONUT_COUPON;SEASHELLS;613.0;13
118100;;;COCONUT;SEASHELLS;9948.0;5
118600;;;COCONUT;SEASHELLS;9949.0;3
118900;;;COCONUT;SEASHELLS;9950.0;6
121900;;;COCONUT_COUPON;SEASHELLS;617.0;12
122700;;;COCONUT_COUPON;SEASHELLS;613.0;17
123200;;;COCONUT_COUPON;SEASHELLS;613.0;17
124800;;;COCONUT_COUPON;SEASHELLS;621.0;11
124800;;;COCONUT_COUPON;SEASHELLS;622.0;20
125200;;;COCONUT;SEASHELLS;9956.0;8
125600;;;COCONUT;SEASHELLS;9956.0;3
125600;;;COCONUT;SEASHELLS;9955.0;9
126100;;;COCONUT_COUPON;SEASHELLS;620.0;10
127100;;;COCONUT;SEASHELLS;9958.0;6
128300;;;COCONUT;SEASHELLS;9958.0;8
128500;;;COCONUT;SEASHELLS;9956.0;8
130400;;;COCONUT_COUPON;SEASHELLS;622.0;20
131200;;;COCONUT;SEASHELLS;9956.0;5
132300;;;COCONUT_COUPON;SEASHELLS;617.0;8
133500;;;COCONUT_COUPON;SEASHELLS;618.0;7
134100;;;COCONUT;SEASHELLS;9962.0;5
135100;;;COCONUT_COUPON;SEASHELLS;620.0;13
135100;;;COCONUT_COUPON;SEASHELLS;620.0;6
135700;;;COCONUT_COUPON;SEASHELLS;621.0;10
136000;;;COCONUT;SEASHELLS;9970.0;9
136100;;;COCONUT_COUPON;SEASHELLS;623.0;10
137800;;;COCONUT_COUPON;SEASHELLS;615.0;16
139700;;;COCONUT_COUPON;SEASHELLS;615.0;12
139900;;;COCONUT_COUPON;SEASHELLS;616.0;7
140500;;;COCONUT;SEASHELLS;9961.0;7
140900;;;COCONUT;SEASHELLS;9963.0;8
141200;;;COCONUT_COUPON;SEASHELLS;615.0;17
142500;;;COCONUT;SEASHELLS;9962.0;10
143500;;;COCONUT;SEASHELLS;9960.0;9
143600;;;COCONUT_COUPON;SEASHELLS;613.0;6
144300;;;COCONUT_COUPON;SEASHELLS;613.0;10
145400;;;COCONUT_COUPON;SEASHELLS;611.0;2
145400;;;COCONUT_COUPON;SEASHELLS;611.0;17
146900;;;COCONUT;SEASHELLS;9959.0;9
147500;;;COCONUT;SEASHELLS;9959.0;8
148900;;;COCONUT;SEASHELLS;9958.0;10
149800;;;COCONUT;SEASHELLS;9957.0;10
150500;;;COCONUT;SEASHELLS;9958.0;1
151400;;;COCONUT_COUPON;SEASHELLS;613.0;11
152600;;;COCONUT_COUPON;SEASHELLS;608.0;10
153600;;;COCONUT_COUPON;SEASHELLS;608.0;13
153700;;;COCONUT_COUPON;SEASHELLS;608.0;18
153800;;;COCONUT_COUPON;SEASHELLS;609.0;19
154100;;;COCONUT;SEASHELLS;9963.0;3
154200;;;COCONUT;SEASHELLS;9964.0;8
156100;;;COCONUT;SEASHELLS;9968.0;1
156900;;;COCONUT_COUPON;SEASHELLS;607.0;5
157900;;;COCONUT;SEASHELLS;9973.0;5
158300;;;COCONUT_COUPON;SEASHELLS;605.0;15
158500;;;COCONUT_COUPON;SEASHELLS;603.0;15
159900;;;COCONUT_COUPON;SEASHELLS;601.0;10
159900;;;COCONUT;SEASHELLS;9971.0;8
160600;;;COCONUT_COUPON;SEASHELLS;602.0;2
160600;;;COCONUT_COUPON;SEASHELLS;602.0;15
160600;;;COCONUT_COUPON;SEASHELLS;602.0;3
162300;;;COCONUT_COUPON;SEASHELLS;601.0;5
162300;;;COCONUT_COUPON;SEASHELLS;601.0;2
162300;;;COCONUT_COUPON;SEASHELLS;601.0;12
162400;;;COCONUT_COUPON;SEASHELLS;603.0;17
162900;;;COCONUT;SEASHELLS;9973.0;7
163500;;;COCONUT_COUPON;SEASHELLS;605.0;16
165500;;;COCONUT_COUPON;SEASHELLS;604.0;17
165500;;;COCONUT_COUPON;SEASHELLS;604.0;2
165600;;;COCONUT_COUPON;SEASHELLS;605.0;4
165700;;;COCONUT;SEASHELLS;9979.0;5
165800;;;COCONUT_COUPON;SEASHELLS;605.0;19
166500;;;COCONUT_COUPON;SEASHELLS;603.0;12
166600;;;COCONUT;SEASHELLS;9977.0;7
166800;;;COCONUT_COUPON;SEASHELLS;599.0;12
166800;;;COCONUT_COUPON;SEASHELLS;600.0;15
167500;;;COCONUT_COUPON;SEASHELLS;597.0;13
168200;;;COCONUT;SEASHELLS;9973.0;9
170900;;;COCONUT_COUPON;SEASHELLS;595.0;10
171000;;;COCONUT_COUPON;SEASHELLS;593.0;12
171100;;;COCONUT;SEASHELLS;9972.0;9
171500;;;COCONUT_COUPON;SEASHELLS;593.0;15
172500;;;COCONUT;SEASHELLS;9975.0;9
172700;;;COCONUT_COUPON;SEASHELLS;591.0;19
172900;;;COCONUT_COUPON;SEASHELLS;596.0;20
173800;;;COCONUT_COUPON;SEASHELLS;596.0;10
173900;;;COCONUT;SEASHELLS;9978.0;1
174700;;;COCONUT_COUPON;SEASHELLS;600.0;11
174800;;;COCONUT_COUPON;SEASHELLS;599.0;8
174900;;;COCONUT_COUPON;SEASHELLS;600.0;10
174900;;;COCONUT_COUPON;SEASHELLS;600.0;8
174900;;;COCONUT_COUPON;SEASHELLS;600.0;12
175000;;;COCONUT;SEASHELLS;9978.0;5
175000;;;COCONUT_COUPON;SEASHELLS;598.0;15
175700;;;COCONUT;SEASHELLS;9980.0;8
176400;;;COCONUT_COUPON;SEASHELLS;596.0;9
176900;;;COCONUT;SEASHELLS;9975.0;2
177700;;;COCONUT;SEASHELLS;9975.0;2
178400;;;COCONUT;SEASHELLS;9975.0;10
179100;;;COCONUT_COUPON;SEASHELLS;596.0;3
179100;;;COCONUT_COUPON;SEASHELLS;596.0;17
179400;;;COCONUT;SEASHELLS;9976.0;3
179800;;;COCONUT;SEASHELLS;9974.0;5
181400;;;COCONUT_COUPON;SEASHELLS;599.0;15
181600;;;COCONUT_COUPON;SEASHELLS;596.0;14
182100;;;COCONUT_COUPON;SEASHELLS;597.0;12
182200;;;COCONUT;SEASHELLS;9971.0;10
182600;;;COCONUT_COUPON;SEASHELLS;599.0;16
182700;;;COCONUT;SEASHELLS;9970.0;5
183600;;;COCONUT;SEASHELLS;9975.0;9
183700;;;COCONUT;SEASHELLS;9976.0;8
183700;;;COCONUT;SEASHELLS;9976.0;9
184700;;;COCONUT;SEASHELLS;9974.0;10
184900;;;COCONUT_COUPON;SEASHELLS;604.0;12
185100;;;COCONUT_COUPON;SEASHELLS;603.0;19
185200;;;COCONUT_COUPON;SEASHELLS;605.0;10
185500;;;COCONUT;SEASHELLS;9971.0;7
185500;;;COCONUT_COUPON;SEASHELLS;604.0;6
185600;;;COCONUT_COUPON;SEASHELLS;604.0;14
188300;;;COCONUT;SEASHELLS;9976.0;2
188400;;;COCONUT_COUPON;SEASHELLS;598.0;12
188800;;;COCONUT;SEASHELLS;9978.0;5
189500;;;COCONUT_COUPON;SEASHELLS;596.0;13
189800;;;COCONUT;SEASHELLS;9975.0;6
190300;;;COCONUT_COUPON;SEASHELLS;594.0;19
190700;;;COCONUT_COUPON;SEASHELLS;595.0;6
192000;;;COCONUT_COUPON;SEASHELLS;600.0;4
193200;;;COCONUT_COUPON;SEASHELLS;607.0;13
193300;;;COCONUT_COUPON;SEASHELLS;609.0;18
194000;;;COCONUT_COUPON;SEASHELLS;610.0;12
194100;;;COCONUT_COUPON;SEASHELLS;611.0;11
195100;;;COCONUT;SEASHELLS;9978.0;9
197000;;;COCONUT;SEASHELLS;9974.0;2
197600;;;COCONUT;SEASHELLS;9973.0;6
198600;;;COCONUT;SEASHELLS;9976.0;5
200700;;;COCONUT_COUPON;SEASHELLS;616.0;15
201500;;;COCONUT_COUPON;SEASHELLS;615.0;10
204000;;;COCONUT;SEASHELLS;9975.0;5
205100;;;COCONUT_COUPON;SEASHELLS;611.0;18
205100;;;COCONUT_COUPON;SEASHELLS;611.0;2
205500;;;COCONUT_COUPON;SEASHELLS;610.0;8
207300;;;COCONUT;SEASHELLS;9970.0;2
207700;;;COCONUT_COUPON;SEASHELLS;599.0;13
207800;;;COCONUT_COUPON;SEASHELLS;600.0;6
207800;;;COCONUT_COUPON;SEASHELLS;600.0;14
208300;;;COCONUT_COUPON;SEASHELLS;597.0;17
208600;;;COCONUT_COUPON;SEASHELLS;598.0;16
209100;;;COCONUT_COUPON;SEASHELLS;593.0;8
209200;;;COCONUT;SEASHELLS;9965.0;6
210100;;;COCONUT_COUPON;SEASHELLS;592.0;20
210600;;;COCONUT_COUPON;SEASHELLS;590.0;13
211200;;;COCONUT;SEASHELLS;9967.0;8
212100;;;COCONUT;SEASHELLS;9966.0;9
212200;;;COCONUT_COUPON;SEASHELLS;592.0;10
212300;;;COCONUT;SEASHELLS;9966.0;5
212800;;;COCONUT_COUPON;SEASHELLS;589.0;15
214100;;;COCONUT_COUPON;SEASHELLS;589.0;6
214300;;;COCONUT_COUPON;SEASHELLS;591.0;18
214700;;;COCONUT;SEASHELLS;9964.0;10
214800;;;COCONUT_COUPON;SEASHELLS;592.0;16
214900;;;COCONUT_COUPON;SEASHELLS;593.0;8
216100;;;COCONUT_COUPON;SEASHELLS;596.0;19
216200;;;COCONUT_COUPON;SEASHELLS;596.0;17
216200;;;COCONUT_COUPON;SEASHELLS;596.0;2
216900;;;COCONUT_COUPON;SEASHELLS;600.0;2
216900;;;COCONUT_COUPON;SEASHELLS;600.0;18
218300;;;COCONUT;SEASHELLS;9968.0;7
218800;;;COCONUT;SEASHELLS;9966.0;5
220600;;;COCONUT_COUPON;SEASHELLS;608.0;9
221100;;;COCONUT;SEASHELLS;9960.0;9
221200;;;COCONUT;SEASHELLS;9960.0;5
221300;;;COCONUT;SEASHELLS;9961.0;5
221900;;;COCONUT_COUPON;SEASHELLS;608.0;11
222600;;;COCONUT;SEASHELLS;9962.0;9
223300;;;COCONUT_COUPON;SEASHELLS;617.0;4
224100;;;COCONUT_COUPON;SEASHELLS;614.0;5
224100;;;COCONUT_COUPON;SEASHELLS;614.0;15
224400;;;COCONUT_COUPON;SEASHELLS;616.0;20
225100;;;COCONUT_COUPON;SEASHELLS;613.0;12
226700;;;COCONUT;SEASHELLS;9957.0;5
226800;;;COCONUT_COUPON;SEASHELLS;610.0;11
228000;;;COCONUT_COUPON;SEASHELLS;612.0;8
228900;;;COCONUT_COUPON;SEASHELLS;613.0;15
229000;;;COCONUT_COUPON;SEASHELLS;613.0;13
229400;;;COCONUT;SEASHELLS;9961.0;10
231300;;;COCONUT_COUPON;SEASHELLS;624.0;10
231900;;;COCONUT_COUPON;SEASHELLS;623.0;13
232000;;;COCONUT_COUPON;SEASHELLS;623.0;14
232700;;;COCONUT;SEASHELLS;9959.0;7
232900;;;COCONUT;SEASHELLS;9958.0;2
234100;;;COCONUT_COUPON;SEASHELLS;627.0;16
234600;;;COCONUT_COUPON;SEASHELLS;619.0;10
234600;;;COCONUT;SEASHELLS;9957.0;8
234700;;;COCONUT_COUPON;SEASHELLS;620.0;12
235000;;;COCONUT_COUPON;SEASHELLS;626.0;14
235100;;;COCONUT_COUPON;SEASHELLS;625.0;10
235300;;;COCONUT_COUPON;SEASHELLS;624.0;10
235400;;;COCONUT;SEASHELLS;9961.0;5
236600;;;COCONUT_COUPON;SEASHELLS;629.0;14
236800;;;COCONUT_COUPON;SEASHELLS;629.0;5
237200;;;COCONUT_COUPON;SEASHELLS;628.0;13
238400;;;COCONUT_COUPON;SEASHELLS;637.0;11
238800;;;COCONUT_COUPON;SEASHELLS;636.0;13
238800;;;COCONUT_COUPON;SEASHELLS;637.0;6
238900;;;COCONUT_COUPON;SEASHELLS;637.0;8
239900;;;COCONUT_COUPON;SEASHELLS;638.0;10
242800;;;COCONUT_COUPON;SEASHELLS;641.0;13
243100;;;COCONUT;SEASHELLS;9957.0;10
243200;;;COCONUT_COUPON;SEASHELLS;638.0;11
243300;;;COCONUT_COUPON;SEASHELLS;635.0;16
244700;;;COCONUT_COUPON;SEASHELLS;634.0;18
246700;;;COCONUT_COUPON;SEASHELLS;635.0;17
246700;;;COCONUT_COUPON;SEASHELLS;635.0;2
246800;;;COCONUT_COUPON;SEASHELLS;634.0;5
246900;;;COCONUT;SEASHELLS;9955.0;7
247500;;;COCONUT;SEASHELLS;9952.0;1
248300;;;COCONUT_COUPON;SEASHELLS;627.0;8
249100;;;COCONUT;SEASHELLS;9951.0;9
249200;;;COCONUT;SEASHELLS;9950.0;7
249500;;;COCONUT_COUPON;SEASHELLS;627.0;14
250000;;;COCONUT;SEASHELLS;9951.0;10
250300;;;COCONUT;SEASHELLS;9951.0;9
250400;;;COCONUT_COUPON;SEASHELLS;624.0;13
250900;;;COCONUT_COUPON;SEASHELLS;626.0;18
251300;;;COCONUT_COUPON;SEASHELLS;629.0;2
251300;;;COCONUT_COUPON;SEASHELLS;629.0;15
251400;;;COCONUT;SEASHELLS;9955.0;7
253300;;;COCONUT;SEASHELLS;9955.0;5
254200;;;COCONUT_COUPON;SEASHELLS;633.0;15
254500;;;COCONUT;SEASHELLS;9955.0;10
254900;;;COCONUT;SEASHELLS;9956.0;5
254900;;;COCONUT_COUPON;SEASHELLS;631.0;14
255300;;;COCONUT;SEASHELLS;9956.0;9
256200;;;COCONUT_COUPON;SEASHELLS;629.0;4
256200;;;COCONUT_COUPON;SEASHELLS;629.0;16
256800;;;COCONUT_COUPON;SEASHELLS;631.0;11
256800;;;COCONUT;SEASHELLS;9958.0;8
257500;;;COCONUT_COUPON;SEASHELLS;629.0;15
257600;;;COCONUT_COUPON;SEASHELLS;627.0;16
257700;;;COCONUT;SEASHELLS;9959.0;8
258700;;;COCONUT;SEASHELLS;9963.0;3
258800;;;COCONUT_COUPON;SEASHELLS;632.0;4
258900;;;COCONUT;SEASHELLS;9963.0;1
260900;;;COCONUT;SEASHELLS;9971.0;8
263300;;;COCONUT_COUPON;SEASHELLS;645.0;19
263700;;;COCONUT_COUPON;SEASHELLS;646.0;15
264400;;;COCONUT_COUPON;SEASHELLS;647.0;12
264500;;;COCONUT_COUPON;SEASHELLS;647.0;10
264700;;;COCONUT;SEASHELLS;9966.0;6
265500;;;COCONUT_COUPON;SEASHELLS;646.0;12
266100;;;COCONUT_COUPON;SEASHELLS;644.0;13
266200;;;COCONUT;SEASHELLS;9963.0;5
266900;;;COCONUT;SEASHELLS;9969.0;3
267200;;;COCONUT;SEASHELLS;9970.0;10
268200;;;COCONUT_COUPON;SEASHELLS;652.0;15
268400;;;COCONUT_COUPON;SEASHELLS;653.0;10
269000;;;COCONUT_COUPON;SEASHELLS;652.0;10
269100;;;COCONUT_COUPON;SEASHELLS;651.0;10
269500;;;COCONUT;SEASHELLS;9977.0;2
269500;;;COCONUT_COUPON;SEASHELLS;651.0;15
270000;;;COCONUT;SEASHELLS;9975.0;6
270200;;;COCONUT;SEASHELLS;9975.0;6
270500;;;COCONUT;SEASHELLS;9973.0;8
271000;;;COCONUT_COUPON;SEASHELLS;653.0;14
271600;;;COCONUT_COUPON;SEASHELLS;647.0;13
272800;;;COCONUT_COUPON;SEASHELLS;644.0;6
274200;;;COCONUT_COUPON;SEASHELLS;651.0;12
274700;;;COCONUT;SEASHELLS;9981.0;6
274800;;;COCONUT_COUPON;SEASHELLS;649.0;17
275000;;;COCONUT;SEASHELLS;9980.0;1
275000;;;COCONUT_COUPON;SEASHELLS;645.0;16
276000;;;COCONUT_COUPON;SEASHELLS;650.0;13
276900;;;COCONUT_COUPON;SEASHELLS;644.0;13
277000;;;COCONUT_COUPON;SEASHELLS;644.0;13
277100;;;COCONUT_COUPON;SEASHELLS;643.0;13
278100;;;COCONUT_COUPON;SEASHELLS;640.0;18
278500;;;COCONUT_COUPON;SEASHELLS;642.0;15
279700;;;COCONUT_COUPON;SEASHELLS;645.0;20
280500;;;COCONUT;SEASHELLS;9991.0;6
282500;;;COCONUT_COUPON;SEASHELLS;647.0;6
283000;;;COCONUT;SEASHELLS;9989.0;3
284800;;;COCONUT_COUPON;SEASHELLS;648.0;11
285000;;;COCONUT;SEASHELLS;9991.0;8
285700;;;COCONUT_COUPON;SEASHELLS;650.0;14
285900;;;COCONUT_COUPON;SEASHELLS;648.0;10
286000;;;COCONUT_COUPON;SEASHELLS;648.0;14
286600;;;COCONUT_COUPON;SEASHELLS;651.0;13
287700;;;COCONUT_COUPON;SEASHELLS;652.0;17
287700;;;COCONUT;SEASHELLS;10001.0;10
288000;;;COCONUT_COUPON;SEASHELLS;654.0;4
289700;;;COCONUT;SEASHELLS;10009.0;6
291400;;;COCONUT_COUPON;SEASHELLS;657.0;10
291600;;;COCONUT_COUPON;SEASHELLS;654.0;20
292400;;;COCONUT_COUPON;SEASHELLS;657.0;7
293700;;;COCONUT_COUPON;SEASHELLS;660.0;15
294100;;;COCONUT_COUPON;SEASHELLS;664.0;6
295600;;;COCONUT_COUPON;SEASHELLS;663.0;9
296800;;;COCONUT_COUPON;SEASHELLS;669.0;7
296900;;;COCONUT_COUPON;SEASHELLS;670.0;11
297200;;;COCONUT_COUPON;SEASHELLS;670.0;2
298100;;;COCONUT_COUPON;SEASHELLS;669.0;20
298700;;;COCONUT;SEASHELLS;10027.0;9
298900;;;COCONUT_COUPON;SEASHELLS;670.0;15
299000;;;COCONUT_COUPON;SEASHELLS;667.0;9
299000;;;COCONUT_COUPON;SEASHELLS;668.0;5
299900;;;COCONUT_COUPON;SEASHELLS;669.0;6
300800;;;COCONUT;SEASHELLS;10028.0;9
302100;;;COCONUT;SEASHELLS;10028.0;5
302600;;;COCONUT;SEASHELLS;10033.0;6
302700;;;COCONUT_COUPON;SEASHELLS;671.0;11
302700;;;COCONUT;SEASHELLS;10033.0;7
302800;;;COCONUT_COUPON;SEASHELLS;670.0;12
302900;;;COCONUT;SEASHELLS;10033.0;10
303600;;;COCONUT_COUPON;SEASHELLS;671.0;18
304500;;;COCONUT;SEASHELLS;10029.0;7
304600;;;COCONUT_COUPON;SEASHELLS;672.0;14
305500;;;COCONUT_COUPON;SEASHELLS;672.0;11
306000;;;COCONUT_COUPON;SEASHELLS;674.0;10
308200;;;COCONUT_COUPON;SEASHELLS;662.0;19
308600;;;COCONUT_COUPON;SEASHELLS;664.0;14
309200;;;COCONUT;SEASHELLS;10027.0;10
309300;;;COCONUT;SEASHELLS;10029.0;7
309500;;;COCONUT;SEASHELLS;10027.0;8
310600;;;COCONUT_COUPON;SEASHELLS;661.0;13
311000;;;COCONUT;SEASHELLS;10024.0;1
311000;;;COCONUT;SEASHELLS;10024.0;6
311100;;;COCONUT;SEASHELLS;10023.0;8
311300;;;COCONUT_COUPON;SEASHELLS;658.0;12
313000;;;COCONUT;SEASHELLS;10024.0;7
314100;;;COCONUT;SEASHELLS;10022.0;8
314200;;;COCONUT_COUPON;SEASHELLS;659.0;11
315000;;;COCONUT_COUPON;SEASHELLS;660.0;5
315900;;;COCONUT;SEASHELLS;10020.0;6
316900;;;COCONUT;SEASHELLS;10023.0;6
319000;;;COCONUT_COUPON;SEASHELLS;664.0;10
319300;;;COCONUT;SEASHELLS;10018.0;8
319400;;;COCONUT_COUPON;SEASHELLS;665.0;15
319400;;;COCONUT_COUPON;SEASHELLS;666.0;15
319400;;;COCONUT_COUPON;SEASHELLS;666.0;3
320200;;;COCONUT;SEASHELLS;10024.0;2
322100;;;COCONUT;SEASHELLS;10027.0;6
322600;;;COCONUT;SEASHELLS;10029.0;6
322700;;;COCONUT_COUPON;SEASHELLS;665.0;11
323200;;;COCONUT;SEASHELLS;10032.0;1
323300;;;COCONUT;SEASHELLS;10029.0;8
324000;;;COCONUT;SEASHELLS;10026.0;6
325100;;;COCONUT;SEASHELLS;10024.0;9
325800;;;COCONUT_COUPON;SEASHELLS;663.0;18
325900;;;COCONUT_COUPON;SEASHELLS;662.0;15
326700;;;COCONUT;SEASHELLS;10027.0;7
329300;;;COCONUT;SEASHELLS;10038.0;6
329300;;;COCONUT;SEASHELLS;10038.0;2
329500;;;COCONUT;SEASHELLS;10038.0;2
329600;;;COCONUT_COUPON;SEASHELLS;671.0;14
330200;;;COCONUT;SEASHELLS;10044.0;8
330900;;;COCONUT;SEASHELLS;10045.0;10
331500;;;COCONUT_COUPON;SEASHELLS;679.0;18
331600;;;COCONUT_COUPON;SEASHELLS;679.0;14
332100;;;COCONUT;SEASHELLS;10052.0;1
332700;;;COCONUT_COUPON;SEASHELLS;678.0;6
332700;;;COCONUT_COUPON;SEASHELLS;678.0;13
332800;;;COCONUT;SEASHELLS;10050.0;1
332900;;;COCONUT_COUPON;SEASHELLS;680.0;4
333300;;;COCONUT_COUPON;SEASHELLS;683.0;15
335200;;;COCONUT_COUPON;SEASHELLS;677.0;13
335300;;;COCONUT_COUPON;SEASHELLS;677.0;16
335500;;;COCONUT;SEASHELLS;10040.0;5
335700;;;COCONUT_COUPON;SEASHELLS;675.0;14
336000;;;COCONUT;SEASHELLS;10040.0;3
336200;;;COCONUT;SEASHELLS;10039.0;7
336300;;;COCONUT_COUPON;SEASHELLS;674.0;15
337600;;;COCONUT_COUPON;SEASHELLS;666.0;16
338200;;;COCONUT;SEASHELLS;10038.0;8
340400;;;COCONUT;SEASHELLS;10041.0;1
340500;;;COCONUT_COUPON;SEASHELLS;666.0;19
340800;;;COCONUT_COUPON;SEASHELLS;666.0;18
341000;;;COCONUT;SEASHELLS;10041.0;6
341100;;;COCONUT_COUPON;SEASHELLS;664.0;18
341100;;;COCONUT_COUPON;SEASHELLS;664.0;2
341800;;;COCONUT_COUPON;SEASHELLS;663.0;1
341900;;;COCONUT;SEASHELLS;10043.0;6
342200;;;COCONUT_COUPON;SEASHELLS;662.0;15
343400;;;COCONUT;SEASHELLS;10042.0;5
343900;;;COCONUT_COUPON;SEASHELLS;659.0;12
344200;;;COCONUT;SEASHELLS;10037.0;6
344700;;;COCONUT_COUPON;SEASHELLS;657.0;9
345600;;;COCONUT_COUPON;SEASHELLS;654.0;14
346300;;;COCONUT_COUPON;SEASHELLS;659.0;15
346700;;;COCONUT_COUPON;SEASHELLS;660.0;6
346700;;;COCONUT;SEASHELLS;10043.0;9
347300;;;COCONUT;SEASHELLS;10041.0;2
349100;;;COCONUT_COUPON;SEASHELLS;653.0;19
350700;;;COCONUT;SEASHELLS;10039.0;10
350800;;;COCONUT_COUPON;SEASHELLS;653.0;6
351600;;;COCONUT_COUPON;SEASHELLS;661.0;2
351600;;;COCONUT_COUPON;SEASHELLS;661.0;17
352100;;;COCONUT_COUPON;SEASHELLS;664.0;12
352200;;;COCONUT_COUPON;SEASHELLS;664.0;16
352200;;;COCONUT;SEASHELLS;10043.0;7
352200;;;COCONUT;SEASHELLS;10043.0;1
352800;;;COCONUT_COUPON;SEASHELLS;667.0;10
352800;;;COCONUT_COUPON;SEASHELLS;667.0;16
352800;;;COCONUT_COUPON;SEASHELLS;667.0;9
354100;;;COCONUT_COUPON;SEASHELLS;664.0;11
354200;;;COCONUT;SEASHELLS;10043.0;9
354800;;;COCONUT_COUPON;SEASHELLS;664.0;15
355400;;;COCONUT_COUPON;SEASHELLS;659.0;13
356300;;;COCONUT_COUPON;SEASHELLS;667.0;12
357300;;;COCONUT_COUPON;SEASHELLS;664.0;11
357400;;;COCONUT;SEASHELLS;10041.0;6
357500;;;COCONUT_COUPON;SEASHELLS;666.0;14
357800;;;COCONUT;SEASHELLS;10041.0;8
357900;;;COCONUT_COUPON;SEASHELLS;671.0;11
358700;;;COCONUT;SEASHELLS;10040.0;10
359400;;;COCONUT_COUPON;SEASHELLS;676.0;11
359700;;;COCONUT_COUPON;SEASHELLS;676.0;10
359700;;;COCONUT;SEASHELLS;10041.0;10
359900;;;COCONUT;SEASHELLS;10039.0;9
360000;;;COCONUT;SEASHELLS;10038.0;9
360200;;;COCONUT_COUPON;SEASHELLS;671.0;17
360800;;;COCONUT;SEASHELLS;10039.0;2
362300;;;COCONUT;SEASHELLS;10044.0;3
362700;;;COCONUT_COUPON;SEASHELLS;676.0;4
362700;;;COCONUT_COUPON;SEASHELLS;676.0;15
363800;;;COCONUT_COUPON;SEASHELLS;678.0;9
364000;;;COCONUT_COUPON;SEASHELLS;682.0;20
364100;;;COCONUT_COUPON;SEASHELLS;683.0;20
365200;;;COCONUT_COUPON;SEASHELLS;681.0;15
365400;;;COCONUT;SEASHELLS;10049.0;10
365400;;;COCONUT_COUPON;SEASHELLS;680.0;15
366400;;;COCONUT;SEASHELLS;10050.0;8
367100;;;COCONUT;SEASHELLS;10054.0;10
367300;;;COCONUT_COUPON;SEASHELLS;681.0;3
367300;;;COCONUT_COUPON;SEASHELLS;681.0;15
367400;;;COCONUT;SEASHELLS;10053.0;9
367600;;;COCONUT;SEASHELLS;10055.0;10
370100;;;COCONUT_COUPON;SEASHELLS;674.0;9
371100;;;COCONUT;SEASHELLS;10056.0;1
371800;;;COCONUT_COUPON;SEASHELLS;682.0;1
371800;;;COCONUT_COUPON;SEASHELLS;682.0;17
372000;;;COCONUT_COUPON;SEASHELLS;681.0;13
372200;;;COCONUT;SEASHELLS;10059.0;7
373700;;;COCONUT_COUPON;SEASHELLS;674.0;8
373800;;;COCONUT_COUPON;SEASHELLS;673.0;14
375000;;;COCONUT;SEASHELLS;10060.0;3
375200;;;COCONUT;SEASHELLS;10058.0;8
377400;;;COCONUT_COUPON;SEASHELLS;671.0;13
378000;;;COCONUT;SEASHELLS;10059.0;5
378200;;;COCONUT;SEASHELLS;10060.0;7
378600;;;COCONUT;SEASHELLS;10059.0;9
378900;;;COCONUT_COUPON;SEASHELLS;670.0;14
379500;;;COCONUT_COUPON;SEASHELLS;668.0;13
379600;;;COCONUT;SEASHELLS;10056.0;9
380500;;;COCONUT_COUPON;SEASHELLS;667.0;13
381000;;;COCONUT_COUPON;SEASHELLS;671.0;18
382100;;;COCONUT_COUPON;SEASHELLS;672.0;12
383000;;;COCONUT_COUPON;SEASHELLS;671.0;17
385000;;;COCONUT_COUPON;SEASHELLS;671.0;14
385100;;;COCONUT_COUPON;SEASHELLS;672.0;19
386100;;;COCONUT;SEASHELLS;10063.0;9
387100;;;COCONUT;SEASHELLS;10068.0;7
388700;;;COCONUT;SEASHELLS;10061.0;9
389200;;;COCONUT;SEASHELLS;10062.0;8
389900;;;COCONUT_COUPON;SEASHELLS;680.0;13
390000;;;COCONUT;SEASHELLS;10061.0;9
390900;;;COCONUT;SEASHELLS;10062.0;7
391600;;;COCONUT_COUPON;SEASHELLS;681.0;15
391600;;;COCONUT_COUPON;SEASHELLS;681.0;10
392000;;;COCONUT_COUPON;SEASHELLS;680.0;13
392300;;;COCONUT_COUPON;SEASHELLS;679.0;19
393100;;;COCONUT_COUPON;SEASHELLS;677.0;15
394000;;;COCONUT_COUPON;SEASHELLS;684.0;13
394500;;;COCONUT;SEASHELLS;10062.0;10
395200;;;COCONUT;SEASHELLS;10061.0;6
395400;;;COCONUT;SEASHELLS;10059.0;3
395600;;;COCONUT_COUPON;SEASHELLS;682.0;8
395600;;;COCONUT;SEASHELLS;10060.0;8
396000;;;COCONUT;SEASHELLS;10063.0;9
396100;;;COCONUT_COUPON;SEASHELLS;686.0;20
396800;;;COCONUT_COUPON;SEASHELLS;683.0;17
397100;;;COCONUT_COUPON;SEASHELLS;682.0;10
398400;;;COCONUT_COUPON;SEASHELLS;683.0;5
398400;;;COCONUT_COUPON;SEASHELLS;683.0;10
398800;;;COCONUT_COUPON;SEASHELLS;680.0;14
399100;;;COCONUT_COUPON;SEASHELLS;686.0;10
401400;;;COCONUT;SEASHELLS;10047.0;2
401900;;;COCONUT_COUPON;SEASHELLS;669.0;19
401900;;;COCONUT;SEASHELLS;10043.0;9
402100;;;COCONUT_COUPON;SEASHELLS;669.0;10
402800;;;COCONUT;SEASHELLS;10043.0;6
404100;;;COCONUT_COUPON;SEASHELLS;670.0;19
404200;;;COCONUT_COUPON;SEASHELLS;670.0;5
404300;;;COCONUT;SEASHELLS;10036.0;1
405600;;;COCONUT_COUPON;SEASHELLS;665.0;19
405900;;;COCONUT;SEASHELLS;10029.0;1
406200;;;COCONUT_COUPON;SEASHELLS;664.0;14
406200;;;COCONUT_COUPON;SEASHELLS;664.0;2
406300;;;COCONUT;SEASHELLS;10030.0;9
408000;;;COCONUT_COUPON;SEASHELLS;664.0;20
408200;;;COCONUT;SEASHELLS;10028.0;10
408300;;;COCONUT;SEASHELLS;10026.0;5
408800;;;COCONUT_COUPON;SEASHELLS;665.0;12
409100;;;COCONUT_COUPON;SEASHELLS;668.0;11
409600;;;COCONUT_COUPON;SEASHELLS;668.0;14
409600;;;COCONUT_COUPON;SEASHELLS;667.0;18
409700;;;COCONUT;SEASHELLS;10021.0;10
409900;;;COCONUT;SEASHELLS;10020.0;6
410000;;;COCONUT;SEASHELLS;10021.0;6
410800;;;COCONUT;SEASHELLS;10023.0;7
411500;;;COCONUT_COUPON;SEASHELLS;673.0;16
412400;;;COCONUT_COUPON;SEASHELLS;670.0;1
412400;;;COCONUT_COUPON;SEASHELLS;670.0;16
412700;;;COCONUT_COUPON;SEASHELLS;667.0;7
413400;;;COCONUT_COUPON;SEASHELLS;669.0;2
413400;;;COCONUT_COUPON;SEASHELLS;669.0;18
414400;;;COCONUT_COUPON;SEASHELLS;671.0;14
414600;;;COCONUT_COUPON;SEASHELLS;670.0;10
414900;;;COCONUT_COUPON;SEASHELLS;669.0;5
415100;;;COCONUT_COUPON;SEASHELLS;669.0;19
415500;;;COCONUT;SEASHELLS;10029.0;10
416500;;;COCONUT;SEASHELLS;10026.0;1
416600;;;COCONUT;SEASHELLS;10025.0;7
416800;;;COCONUT_COUPON;SEASHELLS;665.0;13
417200;;;COCONUT;SEASHELLS;10018.0;6
419000;;;COCONUT_COUPON;SEASHELLS;670.0;16
419000;;;COCONUT_COUPON;SEASHELLS;670.0;2
422500;;;COCONUT_COUPON;SEASHELLS;676.0;4
423100;;;COCONUT;SEASHELLS;10028.0;7
423200;;;COCONUT;SEASHELLS;10030.0;9
423300;;;COCONUT_COUPON;SEASHELLS;676.0;13
423400;;;COCONUT_COUPON;SEASHELLS;675.0;12
423700;;;COCONUT;SEASHELLS;10028.0;1
424200;;;COCONUT;SEASHELLS;10028.0;2
424200;;;COCONUT_COUPON;SEASHELLS;676.0;11
425500;;;COCONUT_COUPON;SEASHELLS;675.0;10
425600;;;COCONUT;SEASHELLS;10024.0;5
426400;;;COCONUT_COUPON;SEASHELLS;680.0;13
426700;;;COCONUT;SEASHELLS;10030.0;8
427200;;;COCONUT_COUPON;SEASHELLS;677.0;18
427600;;;COCONUT_COUPON;SEASHELLS;680.0;10
428100;;;COCONUT;SEASHELLS;10034.0;6
428600;;;COCONUT_COUPON;SEASHELLS;677.0;15
430300;;;COCONUT;SEASHELLS;10041.0;9
431700;;;COCONUT_COUPON;SEASHELLS;686.0;15
431900;;;COCONUT;SEASHELLS;10045.0;8
433200;;;COCONUT_COUPON;SEASHELLS;679.0;11
433400;;;COCONUT;SEASHELLS;10042.0;10
433500;;;COCONUT_COUPON;SEASHELLS;682.0;19
433900;;;COCONUT;SEASHELLS;10044.0;5
434200;;;COCONUT;SEASHELLS;10044.0;8
434300;;;COCONUT;SEASHELLS;10045.0;10
434700;;;COCONUT_COUPON;SEASHELLS;683.0;16
436800;;;COCONUT;SEASHELLS;10048.0;1
437100;;;COCONUT_COUPON;SEASHELLS;691.0;16
438400;;;COCONUT_COUPON;SEASHELLS;690.0;16
438400;;;COCONUT_COUPON;SEASHELLS;690.0;1
438500;;;COCONUT_COUPON;SEASHELLS;689.0;19
438600;;;COCONUT;SEASHELLS;10055.0;7
439900;;;COCONUT_COUPON;SEASHELLS;693.0;17
440200;;;COCONUT;SEASHELLS;10058.0;9
441000;;;COCONUT_COUPON;SEASHELLS;689.0;10
441500;;;COCONUT_COUPON;SEASHELLS;686.0;7
442100;;;COCONUT_COUPON;SEASHELLS;681.0;11
442300;;;COCONUT;SEASHELLS;10055.0;10
443900;;;COCONUT;SEASHELLS;10056.0;7
444000;;;COCONUT_COUPON;SEASHELLS;682.0;17
444400;;;COCONUT;SEASHELLS;10054.0;8
444400;;;COCONUT_COUPON;SEASHELLS;682.0;10
444700;;;COCONUT_COUPON;SEASHELLS;684.0;4
444700;;;COCONUT;SEASHELLS;10054.0;5
445400;;;COCONUT_COUPON;SEASHELLS;680.0;18
445800;;;COCONUT_COUPON;SEASHELLS;680.0;19
447600;;;COCONUT;SEASHELLS;10052.0;1
448400;;;COCONUT_COUPON;SEASHELLS;676.0;6
449500;;;COCONUT_COUPON;SEASHELLS;676.0;19
450000;;;COCONUT_COUPON;SEASHELLS;672.0;19
450400;;;COCONUT_COUPON;SEASHELLS;672.0;11
450600;;;COCONUT_COUPON;SEASHELLS;673.0;10
451400;;;COCONUT_COUPON;SEASHELLS;678.0;13
451500;;;COCONUT_COUPON;SEASHELLS;677.0;6
452100;;;COCONUT_COUPON;SEASHELLS;675.0;11
452200;;;COCONUT_COUPON;SEASHELLS;678.0;20
452200;;;COCONUT_COUPON;SEASHELLS;677.0;20
452300;;;COCONUT_COUPON;SEASHELLS;676.0;15
452300;;;COCONUT;SEASHELLS;10056.0;6
453300;;;COCONUT_COUPON;SEASHELLS;680.0;19
454200;;;COCONUT;SEASHELLS;10065.0;9
454300;;;COCONUT_COUPON;SEASHELLS;683.0;4
454300;;;COCONUT_COUPON;SEASHELLS;683.0;11
455000;;;COCONUT;SEASHELLS;10064.0;3
455200;;;COCONUT_COUPON;SEASHELLS;681.0;7
456500;;;COCONUT;SEASHELLS;10061.0;10
457400;;;COCONUT;SEASHELLS;10061.0;5
457700;;;COCONUT_COUPON;SEASHELLS;683.0;18
458400;;;COCONUT_COUPON;SEASHELLS;687.0;5
459000;;;COCONUT;SEASHELLS;10063.0;9
460500;;;COCONUT_COUPON;SEASHELLS;683.0;18
461300;;;COCONUT_COUPON;SEASHELLS;691.0;16
461300;;;COCONUT_COUPON;SEASHELLS;691.0;2
461800;;;COCONUT;SEASHELLS;10059.0;1
462200;;;COCONUT_COUPON;SEASHELLS;683.0;13
462200;;;COCONUT_COUPON;SEASHELLS;684.0;17
462200;;;COCONUT;SEASHELLS;10058.0;3
463500;;;COCONUT_COUPON;SEASHELLS;682.0;10
463500;;;COCONUT;SEASHELLS;10056.0;8
463700;;;COCONUT_COUPON;SEASHELLS;683.0;19
464100;;;COCONUT;SEASHELLS;10057.0;7
464400;;;COCONUT;SEASHELLS;10057.0;6
465200;;;COCONUT_COUPON;SEASHELLS;684.0;15
465300;;;COCONUT_COUPON;SEASHELLS;686.0;17
465900;;;COCONUT_COUPON;SEASHELLS;685.0;16
466100;;;COCONUT;SEASHELLS;10057.0;10
466400;;;COCONUT_COUPON;SEASHELLS;679.0;12
466500;;;COCONUT_COUPON;SEASHELLS;681.0;14
467300;;;COCONUT_COUPON;SEASHELLS;677.0;8
467400;;;COCONUT_COUPON;SEASHELLS;676.0;14
467600;;;COCONUT_COUPON;SEASHELLS;677.0;7
468000;;;COCONUT;SEASHELLS;10055.0;1
468300;;;COCONUT_COUPON;SEASHELLS;673.0;17
468800;;;COCONUT;SEASHELLS;10055.0;1
468900;;;COCONUT;SEASHELLS;10052.0;5
470900;;;COCONUT_COUPON;SEASHELLS;664.0;17
471400;;;COCONUT;SEASHELLS;10051.0;9
471900;;;COCONUT_COUPON;SEASHELLS;668.0;15
472200;;;COCONUT_COUPON;SEASHELLS;669.0;4
472500;;;COCONUT_COUPON;SEASHELLS;666.0;1
472500;;;COCONUT_COUPON;SEASHELLS;666.0;15
474300;;;COCONUT_COUPON;SEASHELLS;667.0;13
476200;;;COCONUT;SEASHELLS;10048.0;7
476600;;;COCONUT_COUPON;SEASHELLS;659.0;17
476600;;;COCONUT_COUPON;SEASHELLS;658.0;13
477700;;;COCONUT;SEASHELLS;10038.0;7
478100;;;COCONUT;SEASHELLS;10036.0;8
478500;;;COCONUT;SEASHELLS;10035.0;8
478800;;;COCONUT_COUPON;SEASHELLS;657.0;2
478800;;;COCONUT_COUPON;SEASHELLS;657.0;18
478900;;;COCONUT_COUPON;SEASHELLS;657.0;16
479200;;;COCONUT;SEASHELLS;10036.0;5
480400;;;COCONUT_COUPON;SEASHELLS;665.0;16
480600;;;COCONUT;SEASHELLS;10040.0;5
481000;;;COCONUT_COUPON;SEASHELLS;662.0;10
481100;;;COCONUT_COUPON;SEASHELLS;662.0;9
481500;;;COCONUT;SEASHELLS;10034.0;9
482200;;;COCONUT;SEASHELLS;10033.0;10
482900;;;COCONUT_COUPON;SEASHELLS;662.0;17
483500;;;COCONUT;SEASHELLS;10029.0;5
483500;;;COCONUT_COUPON;SEASHELLS;662.0;13
484200;;;COCONUT_COUPON;SEASHELLS;663.0;14
485500;;;COCONUT_COUPON;SEASHELLS;664.0;13
485600;;;COCONUT_COUPON;SEASHELLS;663.0;12
485800;;;COCONUT_COUPON;SEASHELLS;663.0;12
486800;;;COCONUT;SEASHELLS;10031.0;7
486900;;;COCONUT;SEASHELLS;10031.0;5
488000;;;COCONUT;SEASHELLS;10031.0;2
489800;;;COCONUT_COUPON;SEASHELLS;665.0;18
490200;;;COCONUT;SEASHELLS;10033.0;10
493800;;;COCONUT;SEASHELLS;10041.0;7
494600;;;COCONUT_COUPON;SEASHELLS;657.0;10
498500;;;COCONUT_COUPON;SEASHELLS;669.0;14
498800;;;COCONUT;SEASHELLS;10037.0;7
499300;;;COCONUT;SEASHELLS;10039.0;2
499900;;;COCONUT_COUPON;SEASHELLS;670.0;19
500400;;;COCONUT;SEASHELLS;10041.0;1
501100;;;COCONUT;SEASHELLS;10042.0;1
501400;;;COCONUT;SEASHELLS;10043.0;5
502600;;;COCONUT;SEASHELLS;10042.0;8
503900;;;COCONUT_COUPON;SEASHELLS;675.0;20
504000;;;COCONUT_COUPON;SEASHELLS;674.0;7
505800;;;COCONUT_COUPON;SEASHELLS;672.0;10
506000;;;COCONUT;SEASHELLS;10039.0;3
506700;;;COCONUT;SEASHELLS;10035.0;6
507100;;;COCONUT;SEASHELLS;10033.0;7
507900;;;COCONUT_COUPON;SEASHELLS;666.0;11
508000;;;COCONUT;SEASHELLS;10036.0;1
508800;;;COCONUT_COUPON;SEASHELLS;667.0;18
509300;;;COCONUT;SEASHELLS;10037.0;9
510400;;;COCONUT;SEASHELLS;10032.0;3
510800;;;COCONUT_COUPON;SEASHELLS;661.0;15
512500;;;COCONUT;SEASHELLS;10034.0;7
513700;;;COCONUT_COUPON;SEASHELLS;664.0;16
514300;;;COCONUT;SEASHELLS;10046.0;2
515500;;;COCONUT_COUPON;SEASHELLS;667.0;19
515600;;;COCONUT_COUPON;SEASHELLS;669.0;3
515600;;;COCONUT_COUPON;SEASHELLS;669.0;16
518100;;;COCONUT_COUPON;SEASHELLS;664.0;11
518200;;;COCONUT;SEASHELLS;10052.0;10
518800;;;COCONUT_COUPON;SEASHELLS;665.0;8
518900;;;COCONUT_COUPON;SEASHELLS;665.0;15
519100;;;COCONUT;SEASHELLS;10054.0;6
519200;;;COCONUT_COUPON;SEASHELLS;663.0;17
519300;;;COCONUT_COUPON;SEASHELLS;665.0;14
521300;;;COCONUT;SEASHELLS;10056.0;9
522100;;;COCONUT_COUPON;SEASHELLS;658.0;18
525000;;;COCONUT;SEASHELLS;10054.0;8
525700;;;COCONUT;SEASHELLS;10052.0;8
526000;;;COCONUT;SEASHELLS;10055.0;8
526600;;;COCONUT;SEASHELLS;10058.0;9
527400;;;COCONUT;SEASHELLS;10058.0;5
527700;;;COCONUT;SEASHELLS;10055.0;10
527800;;;COCONUT;SEASHELLS;10054.0;5
528000;;;COCONUT_COUPON;SEASHELLS;666.0;11
528900;;;COCONUT;SEASHELLS;10053.0;9
529400;;;COCONUT_COUPON;SEASHELLS;667.0;13
529700;;;COCONUT_COUPON;SEASHELLS;668.0;19
529800;;;COCONUT_COUPON;SEASHELLS;670.0;1
529800;;;COCONUT_COUPON;SEASHELLS;670.0;16
531000;;;COCONUT_COUPON;SEASHELLS;671.0;18
531500;;;COCONUT;SEASHELLS;10059.0;10
531900;;;COCONUT_COUPON;SEASHELLS;673.0;10
532100;;;COCONUT_COUPON;SEASHELLS;671.0;12
532900;;;COCONUT_COUPON;SEASHELLS;669.0;16
533600;;;COCONUT;SEASHELLS;10062.0;10
534100;;;COCONUT;SEASHELLS;10064.0;7
534300;;;COCONUT;SEASHELLS;10065.0;1
536100;;;COCONUT_COUPON;SEASHELLS;678.0;19
536800;;;COCONUT;SEASHELLS;10066.0;5
537500;;;COCONUT;SEASHELLS;10069.0;1
537500;;;COCONUT_COUPON;SEASHELLS;679.0;10
537500;;;COCONUT_COUPON;SEASHELLS;679.0;13
537500;;;COCONUT_COUPON;SEASHELLS;679.0;6
537800;;;COCONUT_COUPON;SEASHELLS;678.0;15
539500;;;COCONUT_COUPON;SEASHELLS;680.0;20
539900;;;COCONUT_COUPON;SEASHELLS;682.0;19
540300;;;COCONUT;SEASHELLS;10072.0;8
541200;;;COCONUT_COUPON;SEASHELLS;682.0;6
542800;;;COCONUT_COUPON;SEASHELLS;680.0;11
543800;;;COCONUT_COUPON;SEASHELLS;677.0;10
544000;;;COCONUT_COUPON;SEASHELLS;677.0;16
544900;;;COCONUT_COUPON;SEASHELLS;677.0;12
545000;;;COCONUT_COUPON;SEASHELLS;677.0;19
545900;;;COCONUT_COUPON;SEASHELLS;679.0;13
546300;;;COCONUT;SEASHELLS;10070.0;9
548000;;;COCONUT_COUPON;SEASHELLS;683.0;18
549100;;;COCONUT;SEASHELLS;10074.0;2
549700;;;COCONUT_COUPON;SEASHELLS;675.0;5
549700;;;COCONUT;SEASHELLS;10073.0;3
549900;;;COCONUT_COUPON;SEASHELLS;675.0;11
550100;;;COCONUT_COUPON;SEASHELLS;672.0;18
551100;;;COCONUT;SEASHELLS;10078.0;1
551400;;;COCONUT;SEASHELLS;10080.0;2
551400;;;COCONUT;SEASHELLS;10079.0;10
551900;;;COCONUT_COUPON;SEASHELLS;669.0;15
552500;;;COCONUT;SEASHELLS;10078.0;7
553400;;;COCONUT;SEASHELLS;10074.0;5
554400;;;COCONUT_COUPON;SEASHELLS;666.0;7
554800;;;COCONUT_COUPON;SEASHELLS;666.0;6
555200;;;COCONUT_COUPON;SEASHELLS;663.0;13
555300;;;COCONUT;SEASHELLS;10074.0;10
556400;;;COCONUT_COUPON;SEASHELLS;667.0;17
556400;;;COCONUT_COUPON;SEASHELLS;667.0;1
556400;;;COCONUT;SEASHELLS;10077.0;10
556900;;;COCONUT;SEASHELLS;10076.0;6
558100;;;COCONUT;SEASHELLS;10072.0;6
559500;;;COCONUT_COUPON;SEASHELLS;663.0;14
559600;;;COCONUT;SEASHELLS;10069.0;10
560600;;;COCONUT_COUPON;SEASHELLS;662.0;18
560900;;;COCONUT_COUPON;SEASHELLS;659.0;10
561700;;;COCONUT_COUPON;SEASHELLS;660.0;16
562300;;;COCONUT;SEASHELLS;10067.0;9
562500;;;COCONUT;SEASHELLS;10068.0;5
563500;;;COCONUT;SEASHELLS;10067.0;6
564300;;;COCONUT;SEASHELLS;10071.0;5
564900;;;COCONUT_COUPON;SEASHELLS;658.0;10
566800;;;COCONUT_COUPON;SEASHELLS;661.0;12
569100;;;COCONUT_COUPON;SEASHELLS;651.0;7
570600;;;COCONUT_COUPON;SEASHELLS;647.0;19
571000;;;COCONUT;SEASHELLS;10060.0;7
571200;;;COCONUT;SEASHELLS;10060.0;6
572200;;;COCONUT;SEASHELLS;10060.0;6
573200;;;COCONUT_COUPON;SEASHELLS;640.0;16
573200;;;COCONUT_COUPON;SEASHELLS;640.0;4
576100;;;COCONUT;SEASHELLS;10046.0;5
577200;;;COCONUT_COUPON;SEASHELLS;652.0;15
577600;;;COCONUT;SEASHELLS;10045.0;7
578200;;;COCONUT;SEASHELLS;10042.0;3
578300;;;COCONUT_COUPON;SEASHELLS;646.0;16
578300;;;COCONUT_COUPON;SEASHELLS;646.0;1
578500;;;COCONUT;SEASHELLS;10048.0;8
579100;;;COCONUT;SEASHELLS;10043.0;10
579400;;;COCONUT;SEASHELLS;10044.0;8
579600;;;COCONUT_COUPON;SEASHELLS;648.0;10
579900;;;COCONUT_COUPON;SEASHELLS;649.0;9
579900;;;COCONUT_COUPON;SEASHELLS;650.0;14
580900;;;COCONUT_COUPON;SEASHELLS;648.0;16
581500;;;COCONUT_COUPON;SEASHELLS;651.0;7
582400;;;COCONUT_COUPON;SEASHELLS;649.0;10
582800;;;COCONUT;SEASHELLS;10044.0;6
583600;;;COCONUT;SEASHELLS;10044.0;10
583600;;;COCONUT;SEASHELLS;10043.0;2
584500;;;COCONUT;SEASHELLS;10043.0;6
584600;;;COCONUT_COUPON;SEASHELLS;661.0;12
585100;;;COCONUT_COUPON;SEASHELLS;663.0;1
585500;;;COCONUT_COUPON;SEASHELLS;663.0;10
588000;;;COCONUT_COUPON;SEASHELLS;670.0;19
588200;;;COCONUT_COUPON;SEASHELLS;669.0;10
588300;;;COCONUT;SEASHELLS;10059.0;1
589000;;;COCONUT_COUPON;SEASHELLS;671.0;19
589500;;;COCONUT_COUPON;SEASHELLS;671.0;13
592400;;;COCONUT;SEASHELLS;10051.0;5
593500;;;COCONUT_COUPON;SEASHELLS;664.0;17
593900;;;COCONUT_COUPON;SEASHELLS;664.0;12
595800;;;COCONUT;SEASHELLS;10051.0;5
597400;;;COCONUT_COUPON;SEASHELLS;668.0;13
601000;;;COCONUT;SEASHELLS;10048.0;8
601500;;;COCONUT_COUPON;SEASHELLS;660.0;9
601600;;;COCONUT;SEASHELLS;10048.0;2
601700;;;COCONUT_COUPON;SEASHELLS;661.0;12
601900;;;COCONUT;SEASHELLS;10048.0;3
602000;;;COCONUT;SEASHELLS;10047.0;10
603100;;;COCONUT;SEASHELLS;10051.0;2
603300;;;COCONUT_COUPON;SEASHELLS;661.0;8
604200;;;COCONUT;SEASHELLS;10054.0;8
604900;;;COCONUT_COUPON;SEASHELLS;661.0;15
605800;;;COCONUT;SEASHELLS;10059.0;9
606000;;;COCONUT;SEASHELLS;10057.0;3
606200;;;COCONUT_COUPON;SEASHELLS;669.0;9
606600;;;COCONUT;SEASHELLS;10057.0;7
607800;;;COCONUT_COUPON;SEASHELLS;673.0;11
608000;;;COCONUT_COUPON;SEASHELLS;674.0;14
608000;;;COCONUT;SEASHELLS;10057.0;3
609900;;;COCONUT_COUPON;SEASHELLS;676.0;10
610000;;;COCONUT_COUPON;SEASHELLS;675.0;11
610100;;;COCONUT;SEASHELLS;10061.0;2
610200;;;COCONUT;SEASHELLS;10064.0;3
610500;;;COCONUT_COUPON;SEASHELLS;676.0;16
610600;;;COCONUT;SEASHELLS;10062.0;3
610600;;;COCONUT;SEASHELLS;10061.0;10
611100;;;COCONUT_COUPON;SEASHELLS;675.0;14
612000;;;COCONUT_COUPON;SEASHELLS;672.0;1
612000;;;COCONUT_COUPON;SEASHELLS;672.0;16
613600;;;COCONUT_COUPON;SEASHELLS;670.0;11
614600;;;COCONUT_COUPON;SEASHELLS;666.0;13
617100;;;COCONUT_COUPON;SEASHELLS;652.0;10
617300;;;COCONUT_COUPON;SEASHELLS;654.0;17
617300;;;COCONUT;SEASHELLS;10036.0;7
617600;;;COCONUT_COUPON;SEASHELLS;654.0;19
617600;;;COCONUT_COUPON;SEASHELLS;653.0;19
618500;;;COCONUT_COUPON;SEASHELLS;655.0;16
619200;;;COCONUT_COUPON;SEASHELLS;652.0;10
619700;;;COCONUT;SEASHELLS;10033.0;6
619900;;;COCONUT_COUPON;SEASHELLS;653.0;5
620100;;;COCONUT_COUPON;SEASHELLS;653.0;12
620100;;;COCONUT_COUPON;SEASHELLS;653.0;7
621600;;;COCONUT_COUPON;SEASHELLS;649.0;14
622500;;;COCONUT_COUPON;SEASHELLS;645.0;13
622600;;;COCONUT_COUPON;SEASHELLS;646.0;11
622900;;;COCONUT_COUPON;SEASHELLS;645.0;16
623600;;;COCONUT;SEASHELLS;10035.0;5
624900;;;COCONUT;SEASHELLS;10036.0;9
625100;;;COCONUT;SEASHELLS;10036.0;9
625300;;;COCONUT;SEASHELLS;10035.0;5
625500;;;COCONUT;SEASHELLS;10036.0;9
626300;;;COCONUT_COUPON;SEASHELLS;640.0;15
626500;;;COCONUT;SEASHELLS;10034.0;5
627500;;;COCONUT_COUPON;SEASHELLS;639.0;19
627500;;;COCONUT_COUPON;SEASHELLS;639.0;1
628100;;;COCONUT;SEASHELLS;10033.0;9
628600;;;COCONUT_COUPON;SEASHELLS;637.0;18
629000;;;COCONUT;SEASHELLS;10031.0;6
629000;;;COCONUT_COUPON;SEASHELLS;638.0;15
629700;;;COCONUT;SEASHELLS;10033.0;8
630100;;;COCONUT_COUPON;SEASHELLS;639.0;15
632200;;;COCONUT_COUPON;SEASHELLS;645.0;15
632300;;;COCONUT_COUPON;SEASHELLS;644.0;9
632900;;;COCONUT_COUPON;SEASHELLS;639.0;16
633100;;;COCONUT;SEASHELLS;10033.0;6
633200;;;COCONUT;SEASHELLS;10033.0;5
633600;;;COCONUT;SEASHELLS;10036.0;3
634800;;;COCONUT_COUPON;SEASHELLS;634.0;17
635400;;;COCONUT;SEASHELLS;10028.0;9
636300;;;COCONUT;SEASHELLS;10028.0;10
636500;;;COCONUT_COUPON;SEASHELLS;636.0;11
636600;;;COCONUT_COUPON;SEASHELLS;635.0;19
636600;;;COCONUT;SEASHELLS;10027.0;7
636900;;;COCONUT;SEASHELLS;10026.0;8
637600;;;COCONUT;SEASHELLS;10028.0;6
637800;;;COCONUT_COUPON;SEASHELLS;635.0;14
638800;;;COCONUT;SEASHELLS;10034.0;5
638800;;;COCONUT_COUPON;SEASHELLS;637.0;17
639000;;;COCONUT_COUPON;SEASHELLS;640.0;20
641500;;;COCONUT_COUPON;SEASHELLS;635.0;4
641500;;;COCONUT;SEASHELLS;10037.0;7
641800;;;COCONUT;SEASHELLS;10038.0;9
641900;;;COCONUT;SEASHELLS;10039.0;9
642300;;;COCONUT_COUPON;SEASHELLS;631.0;15
643200;;;COCONUT_COUPON;SEASHELLS;634.0;13
643500;;;COCONUT;SEASHELLS;10038.0;6
644200;;;COCONUT;SEASHELLS;10037.0;6
644300;;;COCONUT_COUPON;SEASHELLS;631.0;3
644300;;;COCONUT_COUPON;SEASHELLS;631.0;11
644300;;;COCONUT_COUPON;SEASHELLS;631.0;16
646600;;;COCONUT;SEASHELLS;10032.0;9
646600;;;COCONUT;SEASHELLS;10034.0;10
647600;;;COCONUT;SEASHELLS;10037.0;10
647600;;;COCONUT;SEASHELLS;10037.0;2
648200;;;COCONUT_COUPON;SEASHELLS;648.0;17
648800;;;COCONUT;SEASHELLS;10042.0;9
649000;;;COCONUT_COUPON;SEASHELLS;646.0;1
649000;;;COCONUT_COUPON;SEASHELLS;646.0;15
649100;;;COCONUT_COUPON;SEASHELLS;647.0;16
649200;;;COCONUT_COUPON;SEASHELLS;646.0;20
649300;;;COCONUT;SEASHELLS;10042.0;1
649900;;;COCONUT_COUPON;SEASHELLS;647.0;10
651700;;;COCONUT_COUPON;SEASHELLS;651.0;10
651800;;;COCONUT;SEASHELLS;10049.0;3
653900;;;COCONUT_COUPON;SEASHELLS;647.0;6
654800;;;COCONUT_COUPON;SEASHELLS;653.0;3
654800;;;COCONUT_COUPON;SEASHELLS;653.0;16
655300;;;COCONUT_COUPON;SEASHELLS;655.0;20
658700;;;COCONUT_COUPON;SEASHELLS;659.0;5
660800;;;COCONUT_COUPON;SEASHELLS;658.0;16
661300;;;COCONUT;SEASHELLS;10043.0;9
661600;;;COCONUT_COUPON;SEASHELLS;660.0;5
661700;;;COCONUT;SEASHELLS;10039.0;9
662000;;;COCONUT;SEASHELLS;10041.0;9
662500;;;COCONUT_COUPON;SEASHELLS;667.0;15
663200;;;COCONUT;SEASHELLS;10043.0;6
663200;;;COCONUT_COUPON;SEASHELLS;672.0;13
664000;;;COCONUT_COUPON;SEASHELLS;671.0;10
664100;;;COCONUT_COUPON;SEASHELLS;670.0;11
664400;;;COCONUT;SEASHELLS;10040.0;10
665500;;;COCONUT_COUPON;SEASHELLS;670.0;10
665800;;;COCONUT_COUPON;SEASHELLS;670.0;17
666300;;;COCONUT_COUPON;SEASHELLS;669.0;7
666600;;;COCONUT;SEASHELLS;10041.0;1
666600;;;COCONUT_COUPON;SEASHELLS;668.0;10
666800;;;COCONUT_COUPON;SEASHELLS;669.0;12
667000;;;COCONUT;SEASHELLS;10047.0;1
669300;;;COCONUT_COUPON;SEASHELLS;671.0;14
670000;;;COCONUT;SEASHELLS;10045.0;10
670100;;;COCONUT;SEASHELLS;10045.0;7
671500;;;COCONUT_COUPON;SEASHELLS;671.0;19
671600;;;COCONUT;SEASHELLS;10050.0;7
671800;;;COCONUT;SEASHELLS;10050.0;6
673400;;;COCONUT_COUPON;SEASHELLS;663.0;14
673900;;;COCONUT_COUPON;SEASHELLS;661.0;8
675000;;;COCONUT_COUPON;SEASHELLS;669.0;9
676100;;;COCONUT_COUPON;SEASHELLS;671.0;15
676200;;;COCONUT;SEASHELLS;10053.0;5
676800;;;COCONUT;SEASHELLS;10051.0;9
677400;;;COCONUT;SEASHELLS;10047.0;8
677800;;;COCONUT;SEASHELLS;10049.0;2
678700;;;COCONUT_COUPON;SEASHELLS;669.0;1
678700;;;COCONUT_COUPON;SEASHELLS;669.0;15
678900;;;COCONUT_COUPON;SEASHELLS;670.0;11
679400;;;COCONUT_COUPON;SEASHELLS;667.0;10
679900;;;COCONUT;SEASHELLS;10046.0;1
680300;;;COCONUT_COUPON;SEASHELLS;673.0;16
680300;;;COCONUT_COUPON;SEASHELLS;673.0;4
681100;;;COCONUT;SEASHELLS;10050.0;9
681300;;;COCONUT_COUPON;SEASHELLS;669.0;15
681500;;;COCONUT_COUPON;SEASHELLS;667.0;17
682200;;;COCONUT;SEASHELLS;10046.0;9
683100;;;COCONUT_COUPON;SEASHELLS;662.0;12
683500;;;COCONUT_COUPON;SEASHELLS;659.0;10
684500;;;COCONUT_COUPON;SEASHELLS;662.0;5
684600;;;COCONUT_COUPON;SEASHELLS;665.0;12
684700;;;COCONUT_COUPON;SEASHELLS;665.0;20
686100;;;COCONUT;SEASHELLS;10059.0;2
686800;;;COCONUT;SEASHELLS;10056.0;1
687700;;;COCONUT_COUPON;SEASHELLS;668.0;11
688300;;;COCONUT_COUPON;SEASHELLS;665.0;6
688900;;;COCONUT;SEASHELLS;10056.0;5
689200;;;COCONUT;SEASHELLS;10057.0;7
691700;;;COCONUT;SEASHELLS;10057.0;9
692700;;;COCONUT;SEASHELLS;10062.0;6
693200;;;COCONUT_COUPON;SEASHELLS;669.0;16
693700;;;COCONUT_COUPON;SEASHELLS;672.0;19
694000;;;COCONUT_COUPON;SEASHELLS;673.0;12
694300;;;COCONUT_COUPON;SEASHELLS;674.0;13
695400;;;COCONUT;SEASHELLS;10070.0;8
695700;;;COCONUT;SEASHELLS;10070.0;8
696600;;;COCONUT;SEASHELLS;10065.0;9
696900;;;COCONUT;SEASHELLS;10067.0;10
697500;;;COCONUT;SEASHELLS;10068.0;9
698200;;;COCONUT_COUPON;SEASHELLS;676.0;14
699000;;;COCONUT;SEASHELLS;10063.0;5
699400;;;COCONUT;SEASHELLS;10069.0;7
700800;;;COCONUT_COUPON;SEASHELLS;680.0;14
701200;;;COCONUT_COUPON;SEASHELLS;679.0;8
702200;;;COCONUT_COUPON;SEASHELLS;683.0;11
702700;;;COCONUT;SEASHELLS;10071.0;2
703000;;;COCONUT_COUPON;SEASHELLS;684.0;10
703600;;;COCONUT;SEASHELLS;10072.0;10
704700;;;COCONUT;SEASHELLS;10072.0;8
704900;;;COCONUT;SEASHELLS;10073.0;9
705400;;;COCONUT;SEASHELLS;10074.0;9
706000;;;COCONUT_COUPON;SEASHELLS;677.0;16
706700;;;COCONUT_COUPON;SEASHELLS;673.0;19
708700;;;COCONUT_COUPON;SEASHELLS;672.0;10
709900;;;COCONUT_COUPON;SEASHELLS;676.0;15
710300;;;COCONUT_COUPON;SEASHELLS;672.0;14
710900;;;COCONUT;SEASHELLS;10079.0;10
711400;;;COCONUT;SEASHELLS;10078.0;10
712400;;;COCONUT;SEASHELLS;10075.0;7
713000;;;COCONUT;SEASHELLS;10074.0;6
714000;;;COCONUT;SEASHELLS;10077.0;9
714800;;;COCONUT_COUPON;SEASHELLS;683.0;18
715200;;;COCONUT_COUPON;SEASHELLS;681.0;11
715800;;;COCONUT_COUPON;SEASHELLS;681.0;11
715800;;;COCONUT;SEASHELLS;10079.0;7
716500;;;COCONUT_COUPON;SEASHELLS;681.0;13
717300;;;COCONUT;SEASHELLS;10076.0;5
718300;;;COCONUT_COUPON;SEASHELLS;682.0;15
718300;;;COCONUT_COUPON;SEASHELLS;681.0;16
719800;;;COCONUT;SEASHELLS;10073.0;2
720300;;;COCONUT_COUPON;SEASHELLS;679.0;6
721100;;;COCONUT;SEASHELLS;10070.0;1
721500;;;COCONUT;SEASHELLS;10072.0;7
721500;;;COCONUT;SEASHELLS;10071.0;7
721600;;;COCONUT_COUPON;SEASHELLS;677.0;11
721700;;;COCONUT;SEASHELLS;10071.0;10
722200;;;COCONUT_COUPON;SEASHELLS;676.0;2
722200;;;COCONUT_COUPON;SEASHELLS;676.0;9
722300;;;COCONUT_COUPON;SEASHELLS;674.0;12
722700;;;COCONUT;SEASHELLS;10071.0;7
722900;;;COCONUT;SEASHELLS;10070.0;10
723200;;;COCONUT_COUPON;SEASHELLS;669.0;5
723200;;;COCONUT;SEASHELLS;10071.0;2
723200;;;COCONUT_COUPON;SEASHELLS;669.0;10
723900;;;COCONUT_COUPON;SEASHELLS;669.0;6
724400;;;COCONUT_COUPON;SEASHELLS;672.0;17
724700;;;COCONUT;SEASHELLS;10072.0;8
725400;;;COCONUT;SEASHELLS;10070.0;3
725800;;;COCONUT_COUPON;SEASHELLS;665.0;15
726100;;;COCONUT_COUPON;SEASHELLS;664.0;17
726100;;;COCONUT_COUPON;SEASHELLS;664.0;2
726200;;;COCONUT;SEASHELLS;10065.0;10
729600;;;COCONUT;SEASHELLS;10067.0;1
730600;;;COCONUT_COUPON;SEASHELLS;668.0;12
731600;;;COCONUT;SEASHELLS;10070.0;7
732300;;;COCONUT_COUPON;SEASHELLS;665.0;16
732400;;;COCONUT;SEASHELLS;10071.0;8
732800;;;COCONUT_COUPON;SEASHELLS;667.0;14
733100;;;COCONUT_COUPON;SEASHELLS;670.0;16
733100;;;COCONUT_COUPON;SEASHELLS;670.0;4
733400;;;COCONUT_COUPON;SEASHELLS;671.0;11
733700;;;COCONUT_COUPON;SEASHELLS;671.0;12
733800;;;COCONUT;SEASHELLS;10074.0;5
734200;;;COCONUT_COUPON;SEASHELLS;668.0;15
734500;;;COCONUT_COUPON;SEASHELLS;668.0;17
734700;;;COCONUT_COUPON;SEASHELLS;669.0;15
735200;;;COCONUT_COUPON;SEASHELLS;667.0;11
735900;;;COCONUT;SEASHELLS;10079.0;10
736500;;;COCONUT_COUPON;SEASHELLS;669.0;8
739300;;;COCONUT_COUPON;SEASHELLS;667.0;11
739800;;;COCONUT;SEASHELLS;10075.0;3
740400;;;COCONUT_COUPON;SEASHELLS;664.0;6
740700;;;COCONUT_COUPON;SEASHELLS;662.0;16
741200;;;COCONUT;SEASHELLS;10075.0;1
743200;;;COCONUT;SEASHELLS;10084.0;6
743600;;;COCONUT;SEASHELLS;10085.0;5
743600;;;COCONUT_COUPON;SEASHELLS;661.0;19
744200;;;COCONUT;SEASHELLS;10087.0;5
744200;;;COCONUT_COUPON;SEASHELLS;662.0;11
744600;;;COCONUT_COUPON;SEASHELLS;660.0;15
744600;;;COCONUT_COUPON;SEASHELLS;660.0;2
745100;;;COCONUT_COUPON;SEASHELLS;656.0;15
746000;;;COCONUT_COUPON;SEASHELLS;658.0;20
747400;;;COCONUT;SEASHELLS;10085.0;5
747800;;;COCONUT;SEASHELLS;10086.0;10
747900;;;COCONUT;SEASHELLS;10084.0;10
748000;;;COCONUT_COUPON;SEASHELLS;664.0;11
749100;;;COCONUT_COUPON;SEASHELLS;669.0;12
749200;;;COCONUT;SEASHELLS;10084.0;1
749600;;;COCONUT_COUPON;SEASHELLS;671.0;20
749600;;;COCONUT;SEASHELLS;10085.0;8
749900;;;COCONUT_COUPON;SEASHELLS;668.0;8
751500;;;COCONUT;SEASHELLS;10086.0;3
751600;;;COCONUT_COUPON;SEASHELLS;667.0;19
752000;;;COCONUT_COUPON;SEASHELLS;669.0;9
753900;;;COCONUT;SEASHELLS;10084.0;7
754100;;;COCONUT;SEASHELLS;10087.0;6
754200;;;COCONUT;SEASHELLS;10086.0;8
755300;;;COCONUT_COUPON;SEASHELLS;664.0;11
755400;;;COCONUT;SEASHELLS;10086.0;5
755500;;;COCONUT;SEASHELLS;10084.0;10
755600;;;COCONUT_COUPON;SEASHELLS;661.0;11
755800;;;COCONUT_COUPON;SEASHELLS;660.0;10
756100;;;COCONUT_COUPON;SEASHELLS;658.0;16
756600;;;COCONUT_COUPON;SEASHELLS;659.0;14
757200;;;COCONUT;SEASHELLS;10083.0;3
758600;;;COCONUT_COUPON;SEASHELLS;653.0;13
758600;;;COCONUT;SEASHELLS;10078.0;5
759000;;;COCONUT_COUPON;SEASHELLS;654.0;13
759400;;;COCONUT_COUPON;SEASHELLS;652.0;14
759700;;;COCONUT_COUPON;SEASHELLS;652.0;13
760300;;;COCONUT_COUPON;SEASHELLS;658.0;15
760800;;;COCONUT;SEASHELLS;10080.0;5
761400;;;COCONUT_COUPON;SEASHELLS;663.0;9
761900;;;COCONUT_COUPON;SEASHELLS;659.0;11
762100;;;COCONUT;SEASHELLS;10081.0;9
764500;;;COCONUT_COUPON;SEASHELLS;667.0;18
764700;;;COCONUT_COUPON;SEASHELLS;666.0;18
766300;;;COCONUT_COUPON;SEASHELLS;668.0;6
766500;;;COCONUT_COUPON;SEASHELLS;667.0;11
766700;;;COCONUT;SEASHELLS;10088.0;2
767000;;;COCONUT_COUPON;SEASHELLS;667.0;12
768000;;;COCONUT;SEASHELLS;10089.0;9
768100;;;COCONUT;SEASHELLS;10088.0;3
769500;;;COCONUT_COUPON;SEASHELLS;669.0;13
769800;;;COCONUT;SEASHELLS;10088.0;10
772000;;;COCONUT_COUPON;SEASHELLS;663.0;10
772000;;;COCONUT_COUPON;SEASHELLS;663.0;7
772600;;;COCONUT_COUPON;SEASHELLS;660.0;14
772700;;;COCONUT_COUPON;SEASHELLS;662.0;13
773200;;;COCONUT_COUPON;SEASHELLS;667.0;12
773700;;;COCONUT;SEASHELLS;10087.0;5
773900;;;COCONUT_COUPON;SEASHELLS;669.0;11
774000;;;COCONUT;SEASHELLS;10089.0;7
774300;;;COCONUT_COUPON;SEASHELLS;671.0;18
774800;;;COCONUT_COUPON;SEASHELLS;670.0;14
774900;;;COCONUT_COUPON;SEASHELLS;668.0;15
775200;;;COCONUT;SEASHELLS;10093.0;8
775200;;;COCONUT;SEASHELLS;10092.0;8
775500;;;COCONUT_COUPON;SEASHELLS;671.0;15
776700;;;COCONUT_COUPON;SEASHELLS;664.0;10
776900;;;COCONUT_COUPON;SEASHELLS;667.0;15
777400;;;COCONUT;SEASHELLS;10087.0;5
777400;;;COCONUT_COUPON;SEASHELLS;666.0;14
778000;;;COCONUT;SEASHELLS;10087.0;6
779500;;;COCONUT;SEASHELLS;10092.0;10
780300;;;COCONUT_COUPON;SEASHELLS;666.0;19
780400;;;COCONUT_COUPON;SEASHELLS;666.0;3
780400;;;COCONUT_COUPON;SEASHELLS;666.0;17
780500;;;COCONUT_COUPON;SEASHELLS;666.0;7
780500;;;COCONUT_COUPON;SEASHELLS;666.0;15
780500;;;COCONUT_COUPON;SEASHELLS;666.0;13
781300;;;COCONUT_COUPON;SEASHELLS;665.0;19
781900;;;COCONUT_COUPON;SEASHELLS;667.0;15
782000;;;COCONUT_COUPON;SEASHELLS;668.0;12
783200;;;COCONUT;SEASHELLS;10088.0;9
783800;;;COCONUT;SEASHELLS;10089.0;5
784700;;;COCONUT_COUPON;SEASHELLS;677.0;10
785200;;;COCONUT_COUPON;SEASHELLS;673.0;15
786600;;;COCONUT;SEASHELLS;10084.0;10
787000;;;COCONUT_COUPON;SEASHELLS;671.0;18
787400;;;COCONUT_COUPON;SEASHELLS;672.0;10
787800;;;COCONUT;SEASHELLS;10088.0;10
788400;;;COCONUT_COUPON;SEASHELLS;668.0;19
788600;;;COCONUT_COUPON;SEASHELLS;667.0;10
789400;;;COCONUT;SEASHELLS;10087.0;3
789700;;;COCONUT;SEASHELLS;10086.0;9
789800;;;COCONUT;SEASHELLS;10087.0;7
789900;;;COCONUT;SEASHELLS;10089.0;3
790300;;;COCONUT_COUPON;SEASHELLS;662.0;20
791800;;;COCONUT_COUPON;SEASHELLS;664.0;20
794300;;;COCONUT;SEASHELLS;10080.0;7
794900;;;COCONUT_COUPON;SEASHELLS;673.0;6
795300;;;COCONUT;SEASHELLS;10077.0;6
795400;;;COCONUT;SEASHELLS;10077.0;7
795800;;;COCONUT_COUPON;SEASHELLS;670.0;14
796100;;;COCONUT_COUPON;SEASHELLS;670.0;4
796100;;;COCONUT_COUPON;SEASHELLS;670.0;15
798900;;;COCONUT_COUPON;SEASHELLS;682.0;7
799400;;;COCONUT;SEASHELLS;10085.0;9
800300;;;COCONUT;SEASHELLS;10089.0;5
800800;;;COCONUT_COUPON;SEASHELLS;678.0;15
802400;;;COCONUT_COUPON;SEASHELLS;682.0;14
803000;;;COCONUT_COUPON;SEASHELLS;684.0;15
803400;;;COCONUT_COUPON;SEASHELLS;684.0;16
803400;;;COCONUT_COUPON;SEASHELLS;684.0;12
803400;;;COCONUT_COUPON;SEASHELLS;684.0;2
803500;;;COCONUT_COUPON;SEASHELLS;687.0;17
804700;;;COCONUT_COUPON;SEASHELLS;688.0;10
805400;;;COCONUT;SEASHELLS;10092.0;10
806000;;;COCONUT_COUPON;SEASHELLS;688.0;10
806600;;;COCONUT;SEASHELLS;10096.0;8
808600;;;COCONUT_COUPON;SEASHELLS;689.0;10
809900;;;COCONUT;SEASHELLS;10099.0;9
811300;;;COCONUT;SEASHELLS;10097.0;8
811500;;;COCONUT;SEASHELLS;10097.0;6
811500;;;COCONUT_COUPON;SEASHELLS;682.0;17
813900;;;COCONUT_COUPON;SEASHELLS;682.0;14
814500;;;COCONUT;SEASHELLS;10101.0;5
814900;;;COCONUT;SEASHELLS;10098.0;5
815300;;;COCONUT_COUPON;SEASHELLS;680.0;16
815800;;;COCONUT;SEASHELLS;10100.0;7
816300;;;COCONUT_COUPON;SEASHELLS;684.0;6
816300;;;COCONUT;SEASHELLS;10103.0;5
816600;;;COCONUT_COUPON;SEASHELLS;690.0;14
817100;;;COCONUT;SEASHELLS;10109.0;7
820200;;;COCONUT_COUPON;SEASHELLS;702.0;11
820700;;;COCONUT_COUPON;SEASHELLS;699.0;12
821100;;;COCONUT_COUPON;SEASHELLS;698.0;18
822000;;;COCONUT;SEASHELLS;10106.0;1
822500;;;COCONUT_COUPON;SEASHELLS;695.0;13
822700;;;COCONUT_COUPON;SEASHELLS;698.0;16
823400;;;COCONUT_COUPON;SEASHELLS;700.0;11
823500;;;COCONUT_COUPON;SEASHELLS;699.0;11
824300;;;COCONUT;SEASHELLS;10107.0;8
824500;;;COCONUT_COUPON;SEASHELLS;699.0;19
824600;;;COCONUT_COUPON;SEASHELLS;700.0;13
824700;;;COCONUT_COUPON;SEASHELLS;700.0;19
826100;;;COCONUT;SEASHELLS;10106.0;2
826500;;;COCONUT_COUPON;SEASHELLS;697.0;12
829400;;;COCONUT;SEASHELLS;10106.0;5
830400;;;COCONUT_COUPON;SEASHELLS;693.0;15
830700;;;COCONUT;SEASHELLS;10108.0;9
830800;;;COCONUT_COUPON;SEASHELLS;692.0;9
832500;;;COCONUT_COUPON;SEASHELLS;695.0;14
833900;;;COCONUT_COUPON;SEASHELLS;699.0;1
833900;;;COCONUT_COUPON;SEASHELLS;699.0;19
834500;;;COCONUT_COUPON;SEASHELLS;699.0;16
834500;;;COCONUT_COUPON;SEASHELLS;699.0;2
834700;;;COCONUT_COUPON;SEASHELLS;700.0;13
834900;;;COCONUT_COUPON;SEASHELLS;704.0;4
835000;;;COCONUT_COUPON;SEASHELLS;706.0;19
835300;;;COCONUT_COUPON;SEASHELLS;705.0;13
835500;;;COCONUT;SEASHELLS;10116.0;9
835600;;;COCONUT;SEASHELLS;10117.0;6
836100;;;COCONUT;SEASHELLS;10116.0;10
836700;;;COCONUT;SEASHELLS;10112.0;2
836700;;;COCONUT_COUPON;SEASHELLS;699.0;14
837300;;;COCONUT_COUPON;SEASHELLS;698.0;12
837900;;;COCONUT;SEASHELLS;10108.0;6
838500;;;COCONUT_COUPON;SEASHELLS;700.0;16
838700;;;COCONUT;SEASHELLS;10117.0;3
839800;;;COCONUT_COUPON;SEASHELLS;698.0;17
841300;;;COCONUT;SEASHELLS;10115.0;5
841400;;;COCONUT_COUPON;SEASHELLS;695.0;15
842100;;;COCONUT_COUPON;SEASHELLS;692.0;16
844100;;;COCONUT_COUPON;SEASHELLS;694.0;14
844200;;;COCONUT;SEASHELLS;10106.0;2
844600;;;COCONUT_COUPON;SEASHELLS;700.0;19
844700;;;COCONUT;SEASHELLS;10112.0;8
844700;;;COCONUT_COUPON;SEASHELLS;699.0;9
845000;;;COCONUT_COUPON;SEASHELLS;701.0;12
845500;;;COCONUT_COUPON;SEASHELLS;704.0;11
846000;;;COCONUT;SEASHELLS;10113.0;9
846900;;;COCONUT_COUPON;SEASHELLS;706.0;7
848900;;;COCONUT_COUPON;SEASHELLS;702.0;20
849500;;;COCONUT_COUPON;SEASHELLS;698.0;16
849600;;;COCONUT_COUPON;SEASHELLS;700.0;6
850000;;;COCONUT;SEASHELLS;10116.0;7
854200;;;COCONUT_COUPON;SEASHELLS;693.0;13
854600;;;COCONUT_COUPON;SEASHELLS;695.0;20
855500;;;COCONUT;SEASHELLS;10105.0;6
856800;;;COCONUT_COUPON;SEASHELLS;691.0;13
857000;;;COCONUT;SEASHELLS;10106.0;7
857600;;;COCONUT;SEASHELLS;10110.0;7
857900;;;COCONUT_COUPON;SEASHELLS;689.0;10
858600;;;COCONUT_COUPON;SEASHELLS;692.0;1
858600;;;COCONUT_COUPON;SEASHELLS;692.0;16
858700;;;COCONUT_COUPON;SEASHELLS;691.0;15
858700;;;COCONUT_COUPON;SEASHELLS;691.0;2
858800;;;COCONUT_COUPON;SEASHELLS;691.0;10
859000;;;COCONUT_COUPON;SEASHELLS;692.0;11
860100;;;COCONUT_COUPON;SEASHELLS;688.0;17
860100;;;COCONUT;SEASHELLS;10104.0;3
860400;;;COCONUT_COUPON;SEASHELLS;689.0;14
861700;;;COCONUT;SEASHELLS;10096.0;3
861900;;;COCONUT;SEASHELLS;10098.0;10
863000;;;COCONUT;SEASHELLS;10096.0;6
863600;;;COCONUT;SEASHELLS;10097.0;5
863700;;;COCONUT_COUPON;SEASHELLS;685.0;19
864400;;;COCONUT_COUPON;SEASHELLS;686.0;15
865700;;;COCONUT_COUPON;SEASHELLS;691.0;15
865700;;;COCONUT_COUPON;SEASHELLS;691.0;3
866000;;;COCONUT_COUPON;SEASHELLS;691.0;11
866400;;;COCONUT;SEASHELLS;10103.0;9
866500;;;COCONUT;SEASHELLS;10103.0;6
867200;;;COCONUT_COUPON;SEASHELLS;692.0;14
869200;;;COCONUT_COUPON;SEASHELLS;695.0;13
870900;;;COCONUT_COUPON;SEASHELLS;699.0;13
870900;;;COCONUT;SEASHELLS;10113.0;5
870900;;;COCONUT_COUPON;SEASHELLS;699.0;14
871500;;;COCONUT;SEASHELLS;10111.0;5
871700;;;COCONUT_COUPON;SEASHELLS;696.0;11
871700;;;COCONUT_COUPON;SEASHELLS;696.0;5
871700;;;COCONUT_COUPON;SEASHELLS;696.0;4
873100;;;COCONUT;SEASHELLS;10113.0;8
873700;;;COCONUT_COUPON;SEASHELLS;697.0;17
873800;;;COCONUT_COUPON;SEASHELLS;696.0;10
874400;;;COCONUT_COUPON;SEASHELLS;693.0;9
874500;;;COCONUT;SEASHELLS;10110.0;8
874700;;;COCONUT;SEASHELLS;10110.0;3
875700;;;COCONUT;SEASHELLS;10114.0;10
876500;;;COCONUT_COUPON;SEASHELLS;694.0;4
876600;;;COCONUT_COUPON;SEASHELLS;695.0;10
877800;;;COCONUT;SEASHELLS;10110.0;8
878700;;;COCONUT_COUPON;SEASHELLS;688.0;5
879200;;;COCONUT;SEASHELLS;10115.0;10
880400;;;COCONUT;SEASHELLS;10114.0;10
881400;;;COCONUT;SEASHELLS;10113.0;5
881600;;;COCONUT;SEASHELLS;10114.0;10
881800;;;COCONUT;SEASHELLS;10114.0;7
882300;;;COCONUT_COUPON;SEASHELLS;684.0;4
882500;;;COCONUT_COUPON;SEASHELLS;684.0;19
883100;;;COCONUT_COUPON;SEASHELLS;687.0;10
883700;;;COCONUT_COUPON;SEASHELLS;689.0;4
885100;;;COCONUT;SEASHELLS;10112.0;6
885700;;;COCONUT_COUPON;SEASHELLS;689.0;17
885700;;;COCONUT;SEASHELLS;10112.0;7
885800;;;COCONUT;SEASHELLS;10113.0;5
886200;;;COCONUT;SEASHELLS;10109.0;5
887000;;;COCONUT_COUPON;SEASHELLS;683.0;12
887300;;;COCONUT;SEASHELLS;10115.0;6
888400;;;COCONUT;SEASHELLS;10113.0;1
889000;;;COCONUT_COUPON;SEASHELLS;681.0;14
889000;;;COCONUT_COUPON;SEASHELLS;681.0;8
889000;;;COCONUT_COUPON;SEASHELLS;681.0;6
889100;;;COCONUT_COUPON;SEASHELLS;682.0;18
890500;;;COCONUT_COUPON;SEASHELLS;679.0;18
890500;;;COCONUT;SEASHELLS;10111.0;8
890500;;;COCONUT;SEASHELLS;10111.0;7
890600;;;COCONUT;SEASHELLS;10112.0;5
891100;;;COCONUT;SEASHELLS;10113.0;3
892500;;;COCONUT_COUPON;SEASHELLS;695.0;7
892700;;;COCONUT;SEASHELLS;10120.0;6
893400;;;COCONUT;SEASHELLS;10117.0;10
893600;;;COCONUT_COUPON;SEASHELLS;695.0;19
894100;;;COCONUT_COUPON;SEASHELLS;692.0;12
894600;;;COCONUT_COUPON;SEASHELLS;692.0;9
895100;;;COCONUT_COUPON;SEASHELLS;691.0;19
895400;;;COCONUT;SEASHELLS;10111.0;9
895800;;;COCONUT_COUPON;SEASHELLS;692.0;16
896500;;;COCONUT;SEASHELLS;10117.0;8
897000;;;COCONUT_COUPON;SEASHELLS;695.0;11
897000;;;COCONUT;SEASHELLS;10115.0;6
897300;;;COCONUT_COUPON;SEASHELLS;694.0;15
897500;;;COCONUT_COUPON;SEASHELLS;693.0;6
898600;;;COCONUT_COUPON;SEASHELLS;690.0;15
898900;;;COCONUT;SEASHELLS;10107.0;1
900400;;;COCONUT_COUPON;SEASHELLS;691.0;18
901000;;;COCONUT_COUPON;SEASHELLS;690.0;15
901100;;;COCONUT;SEASHELLS;10101.0;10
901500;;;COCONUT;SEASHELLS;10105.0;3
902900;;;COCONUT;SEASHELLS;10105.0;10
902900;;;COCONUT_COUPON;SEASHELLS;689.0;17
903400;;;COCONUT_COUPON;SEASHELLS;686.0;10
904400;;;COCONUT;SEASHELLS;10107.0;9
904500;;;COCONUT_COUPON;SEASHELLS;685.0;14
904600;;;COCONUT_COUPON;SEASHELLS;683.0;19
904800;;;COCONUT_COUPON;SEASHELLS;684.0;7
904800;;;COCONUT_COUPON;SEASHELLS;684.0;12
904800;;;COCONUT_COUPON;SEASHELLS;684.0;3
904900;;;COCONUT;SEASHELLS;10104.0;9
905000;;;COCONUT;SEASHELLS;10105.0;10
905200;;;COCONUT;SEASHELLS;10108.0;7
905300;;;COCONUT_COUPON;SEASHELLS;685.0;18
905300;;;COCONUT_COUPON;SEASHELLS;685.0;5
906800;;;COCONUT_COUPON;SEASHELLS;678.0;15
907800;;;COCONUT;SEASHELLS;10098.0;9
907900;;;COCONUT_COUPON;SEASHELLS;677.0;11
909300;;;COCONUT_COUPON;SEASHELLS;679.0;18
910000;;;COCONUT_COUPON;SEASHELLS;684.0;19
912200;;;COCONUT;SEASHELLS;10109.0;9
913400;;;COCONUT;SEASHELLS;10110.0;9
913400;;;COCONUT_COUPON;SEASHELLS;680.0;16
914200;;;COCONUT;SEASHELLS;10108.0;7
914600;;;COCONUT;SEASHELLS;10106.0;10
915200;;;COCONUT_COUPON;SEASHELLS;681.0;11
916500;;;COCONUT;SEASHELLS;10108.0;1
917200;;;COCONUT_COUPON;SEASHELLS;680.0;14
918300;;;COCONUT_COUPON;SEASHELLS;681.0;13
918900;;;COCONUT_COUPON;SEASHELLS;684.0;13
920000;;;COCONUT;SEASHELLS;10109.0;5
920200;;;COCONUT_COUPON;SEASHELLS;681.0;14
921100;;;COCONUT_COUPON;SEASHELLS;675.0;16
921300;;;COCONUT_COUPON;SEASHELLS;675.0;13
921300;;;COCONUT_COUPON;SEASHELLS;674.0;1
921500;;;COCONUT_COUPON;SEASHELLS;675.0;15
921600;;;COCONUT_COUPON;SEASHELLS;673.0;10
922100;;;COCONUT_COUPON;SEASHELLS;673.0;8
922700;;;COCONUT;SEASHELLS;10104.0;3
923900;;;COCONUT_COUPON;SEASHELLS;675.0;1
923900;;;COCONUT_COUPON;SEASHELLS;675.0;10
923900;;;COCONUT_COUPON;SEASHELLS;675.0;17
923900;;;COCONUT_COUPON;SEASHELLS;675.0;0
924300;;;COCONUT_COUPON;SEASHELLS;674.0;11
926300;;;COCONUT_COUPON;SEASHELLS;672.0;14
928200;;;COCONUT_COUPON;SEASHELLS;669.0;12
931700;;;COCONUT;SEASHELLS;10105.0;6
932300;;;COCONUT;SEASHELLS;10105.0;6
933200;;;COCONUT_COUPON;SEASHELLS;684.0;18
934100;;;COCONUT;SEASHELLS;10107.0;2
934500;;;COCONUT_COUPON;SEASHELLS;687.0;18
936400;;;COCONUT_COUPON;SEASHELLS;682.0;8
936400;;;COCONUT_COUPON;SEASHELLS;682.0;16
936400;;;COCONUT_COUPON;SEASHELLS;682.0;0
936400;;;COCONUT_COUPON;SEASHELLS;682.0;4
937100;;;COCONUT_COUPON;SEASHELLS;687.0;11
937300;;;COCONUT_COUPON;SEASHELLS;686.0;16
937600;;;COCONUT_COUPON;SEASHELLS;686.0;13
938700;;;COCONUT_COUPON;SEASHELLS;691.0;10
939700;;;COCONUT;SEASHELLS;10111.0;6
939700;;;COCONUT;SEASHELLS;10112.0;5
940500;;;COCONUT_COUPON;SEASHELLS;693.0;10
940900;;;COCONUT_COUPON;SEASHELLS;695.0;7
942600;;;COCONUT;SEASHELLS;10107.0;5
942700;;;COCONUT_COUPON;SEASHELLS;689.0;7
943100;;;COCONUT;SEASHELLS;10109.0;6
943100;;;COCONUT_COUPON;SEASHELLS;690.0;13
943800;;;COCONUT;SEASHELLS;10112.0;1
944100;;;COCONUT;SEASHELLS;10107.0;6
944300;;;COCONUT;SEASHELLS;10107.0;6
945300;;;COCONUT_COUPON;SEASHELLS;687.0;2
945300;;;COCONUT_COUPON;SEASHELLS;687.0;17
945400;;;COCONUT_COUPON;SEASHELLS;689.0;13
946200;;;COCONUT_COUPON;SEASHELLS;686.0;13
946200;;;COCONUT_COUPON;SEASHELLS;687.0;15
947300;;;COCONUT_COUPON;SEASHELLS;684.0;20
947800;;;COCONUT_COUPON;SEASHELLS;681.0;12
948200;;;COCONUT;SEASHELLS;10104.0;10
948300;;;COCONUT_COUPON;SEASHELLS;683.0;12
948800;;;COCONUT_COUPON;SEASHELLS;684.0;7
949000;;;COCONUT_COUPON;SEASHELLS;684.0;16
949700;;;COCONUT_COUPON;SEASHELLS;688.0;6
949700;;;COCONUT_COUPON;SEASHELLS;688.0;16
949900;;;COCONUT_COUPON;SEASHELLS;687.0;7
949900;;;COCONUT;SEASHELLS;10112.0;9
950300;;;COCONUT_COUPON;SEASHELLS;685.0;14
950400;;;COCONUT;SEASHELLS;10108.0;8
950600;;;COCONUT;SEASHELLS;10110.0;6
950700;;;COCONUT_COUPON;SEASHELLS;680.0;13
950800;;;COCONUT;SEASHELLS;10107.0;6
951300;;;COCONUT;SEASHELLS;10104.0;8
953700;;;COCONUT;SEASHELLS;10112.0;5
955100;;;COCONUT_COUPON;SEASHELLS;683.0;14
955400;;;COCONUT;SEASHELLS;10108.0;6
955400;;;COCONUT_COUPON;SEASHELLS;682.0;10
956100;;;COCONUT_COUPON;SEASHELLS;677.0;17
956300;;;COCONUT;SEASHELLS;10111.0;1
957100;;;COCONUT_COUPON;SEASHELLS;678.0;16
957600;;;COCONUT_COUPON;SEASHELLS;676.0;10
957900;;;COCONUT_COUPON;SEASHELLS;676.0;13
958000;;;COCONUT_COUPON;SEASHELLS;678.0;16
958600;;;COCONUT;SEASHELLS;10113.0;8
958600;;;COCONUT_COUPON;SEASHELLS;678.0;11
958800;;;COCONUT_COUPON;SEASHELLS;681.0;20
959000;;;COCONUT;SEASHELLS;10113.0;7
959300;;;COCONUT_COUPON;SEASHELLS;677.0;15
959400;;;COCONUT;SEASHELLS;10114.0;5
959600;;;COCONUT_COUPON;SEASHELLS;679.0;14
960300;;;COCONUT_COUPON;SEASHELLS;681.0;12
961100;;;COCONUT_COUPON;SEASHELLS;689.0;4
962600;;;COCONUT_COUPON;SEASHELLS;693.0;6
963000;;;COCONUT_COUPON;SEASHELLS;690.0;11
963800;;;COCONUT_COUPON;SEASHELLS;691.0;7
964000;;;COCONUT_COUPON;SEASHELLS;690.0;16
966800;;;COCONUT;SEASHELLS;10118.0;7
968300;;;COCONUT_COUPON;SEASHELLS;683.0;16
968900;;;COCONUT_COUPON;SEASHELLS;680.0;10
970300;;;COCONUT_COUPON;SEASHELLS;681.0;11
970800;;;COCONUT_COUPON;SEASHELLS;682.0;6
971500;;;COCONUT_COUPON;SEASHELLS;682.0;13
971800;;;COCONUT_COUPON;SEASHELLS;679.0;17
971900;;;COCONUT_COUPON;SEASHELLS;680.0;13
973800;;;COCONUT_COUPON;SEASHELLS;687.0;13
974900;;;COCONUT;SEASHELLS;10132.0;8
974900;;;COCONUT_COUPON;SEASHELLS;681.0;13
975200;;;COCONUT_COUPON;SEASHELLS;679.0;8
975300;;;COCONUT_COUPON;SEASHELLS;678.0;10
977400;;;COCONUT_COUPON;SEASHELLS;673.0;16
978100;;;COCONUT_COUPON;SEASHELLS;671.0;10
978600;;;COCONUT;SEASHELLS;10129.0;10
978800;;;COCONUT;SEASHELLS;10128.0;6
979100;;;COCONUT;SEASHELLS;10127.0;10
979600;;;COCONUT;SEASHELLS;10132.0;5
979900;;;COCONUT;SEASHELLS;10134.0;10
980100;;;COCONUT_COUPON;SEASHELLS;680.0;5
981700;;;COCONUT_COUPON;SEASHELLS;679.0;16
982300;;;COCONUT;SEASHELLS;10134.0;5
982600;;;COCONUT;SEASHELLS;10137.0;5
983600;;;COCONUT_COUPON;SEASHELLS;684.0;12
983800;;;COCONUT;SEASHELLS;10133.0;6
984500;;;COCONUT_COUPON;SEASHELLS;685.0;10
984600;;;COCONUT_COUPON;SEASHELLS;686.0;11
986700;;;COCONUT;SEASHELLS;10126.0;9
987200;;;COCONUT;SEASHELLS;10125.0;5
987300;;;COCONUT_COUPON;SEASHELLS;677.0;13
988000;;;COCONUT_COUPON;SEASHELLS;679.0;14
988500;;;COCONUT_COUPON;SEASHELLS;676.0;13
988700;;;COCONUT_COUPON;SEASHELLS;672.0;12
989100;;;COCONUT;SEASHELLS;10123.0;3
992200;;;COCONUT_COUPON;SEASHELLS;673.0;9
992300;;;COCONUT;SEASHELLS;10126.0;5
992400;;;COCONUT_COUPON;SEASHELLS;672.0;8
992400;;;COCONUT_COUPON;SEASHELLS;672.0;14
992400;;;COCONUT_COUPON;SEASHELLS;672.0;7
992400;;;COCONUT_COUPON;SEASHELLS;672.0;4
992900;;;COCONUT;SEASHELLS;10120.0;6
994200;;;COCONUT_COUPON;SEASHELLS;669.0;8
996100;;;COCONUT_COUPON;SEASHELLS;670.0;19
996600;;;COCONUT;SEASHELLS;10128.0;9
996600;;;COCONUT;SEASHELLS;10127.0;9
996700;;;COCONUT_COUPON;SEASHELLS;670.0;19
997100;;;COCONUT;SEASHELLS;10126.0;6
997300;;;COCONUT_COUPON;SEASHELLS;672.0;19
997500;;;COCONUT_COUPON;SEASHELLS;675.0;16
997700;;;COCONUT_COUPON;SEASHELLS;675.0;5
997800;;;COCONUT_COUPON;SEASHELLS;675.0;12
998200;;;COCONUT_COUPON;SEASHELLS;677.0;10
999200;;;COCONUT_COUPON;SEASHELLS;677.0;7
999500;;;COCONUT;SEASHELLS;10135.0;8
999600;;;COCONUT_COUPON;SEASHELLS;683.0;14
